ts,close,volume,bid_price,bid_volume,ask_price,ask_volume,tick_type
2024-06-03 09:00:12,290.0,74,290.0,3,291.0,45,1
2024-06-03 09:00:12,290.0,5,289.5,5,290.0,4,2
2024-06-03 09:00:14,290.0,1,289.5,5,290.0,34,1
2024-06-03 09:00:18,290.0,1,289.5,5,290.0,35,1
2024-06-03 09:00:21,289.5,1,289.5,5,290.0,35,2
2024-06-03 09:00:23,290.0,2,289.5,5,290.0,33,1
2024-06-03 09:00:25,289.5,1,289.5,5,290.0,33,2
2024-06-03 09:00:28,290.0,20,289.5,7,290.0,13,1
2024-06-03 09:00:28,290.0,9,289.5,7,290.0,4,1
2024-06-03 09:00:28,290.0,4,289.5,7,291.0,6,1
2024-06-03 09:00:37,291.0,1,290.5,3,291.0,5,1
2024-06-03 09:00:39,291.0,1,290.5,3,291.0,5,1
2024-06-03 09:00:41,291.0,5,290.5,3,291.5,14,1
2024-06-03 09:00:44,290.5,1,290.5,4,291.0,2,2
2024-06-03 09:00:47,291.0,1,290.5,10,291.0,3,1
2024-06-03 09:00:47,291.0,1,290.5,12,291.0,2,1
2024-06-03 09:00:49,291.0,3,291.0,2,291.5,14,1
2024-06-03 09:00:49,291.0,2,290.5,12,291.5,14,2
2024-06-03 09:00:49,291.0,1,291.0,1,291.5,14,2
2024-06-03 09:00:53,290.5,13,290.0,20,291.0,5,2
2024-06-03 09:00:53,291.0,4,290.0,20,291.0,1,1
2024-06-03 09:00:54,290.5,1,290.0,20,291.0,5,2
2024-06-03 09:00:54,290.0,21,289.5,5,291.0,6,2
2024-06-03 09:00:54,290.0,1,289.5,4,290.0,5,1
2024-06-03 09:00:57,289.5,3,289.0,14,290.0,4,2
2024-06-03 09:00:58,290.0,1,289.0,14,290.0,3,1
2024-06-03 09:01:01,290.0,3,290.0,2,290.5,11,1
2024-06-03 09:01:01,290.0,2,289.0,14,290.0,2,2
2024-06-03 09:01:03,289.5,5,289.0,14,290.0,25,2
2024-06-03 09:01:03,289.0,1,289.0,13,289.5,2,2
2024-06-03 09:01:03,289.5,2,289.0,14,290.0,29,1
2024-06-03 09:01:03,290.0,1,289.0,14,290.0,29,1
2024-06-03 09:01:04,290.0,1,289.0,14,290.0,28,1
2024-06-03 09:01:04,289.5,2,289.5,1,290.0,28,2
2024-06-03 09:01:04,289.5,1,289.0,14,290.0,31,2
2024-06-03 09:01:04,289.5,1,289.0,13,289.5,1,1
2024-06-03 09:01:09,289.5,1,289.0,14,289.5,3,1
2024-06-03 09:01:16,289.5,1,289.0,17,289.5,12,1
2024-06-03 09:01:16,289.5,1,289.0,17,289.5,10,1
2024-06-03 09:01:16,289.0,1,289.0,16,289.5,10,2
2024-06-03 09:01:17,289.5,1,289.0,16,289.5,10,1
2024-06-03 09:01:20,289.5,1,289.0,17,289.5,11,1
2024-06-03 09:01:21,289.5,1,289.0,16,289.5,10,1
2024-06-03 09:01:22,289.0,1,289.0,20,289.5,9,2
2024-06-03 09:01:27,289.5,1,289.0,22,289.5,9,1
2024-06-03 09:01:30,289.5,1,289.0,17,289.5,8,1
2024-06-03 09:01:33,289.5,1,289.0,16,289.5,11,1
2024-06-03 09:01:34,289.0,16,288.5,13,289.5,16,2
2024-06-03 09:01:34,288.5,13,288.5,13,289.5,16,2
2024-06-03 09:01:34,288.0,7,287.5,5,288.5,6,2
2024-06-03 09:01:34,287.5,5,287.0,40,288.5,15,2
2024-06-03 09:01:34,287.0,1,287.0,38,288.0,15,2
2024-06-03 09:01:34,287.0,2,287.0,36,287.5,3,2
2024-06-03 09:01:34,287.0,26,287.0,38,288.0,15,2
2024-06-03 09:01:34,287.0,10,286.0,7,287.5,3,2
2024-06-03 09:01:36,287.0,2,286.0,9,287.0,13,1
2024-06-03 09:01:40,287.0,1,286.0,8,287.0,17,1
2024-06-03 09:01:41,286.5,1,286.0,9,287.0,16,2
2024-06-03 09:01:46,286.5,3,286.5,9,287.0,17,2
2024-06-03 09:01:49,286.5,1,286.5,8,287.0,17,2
2024-06-03 09:01:51,286.5,2,286.5,4,287.0,17,2
2024-06-03 09:01:51,286.5,1,286.5,3,287.0,17,2
2024-06-03 09:01:52,287.0,1,286.5,3,287.0,16,1
2024-06-03 09:01:52,286.5,4,286.0,8,287.0,16,2
2024-06-03 09:01:53,287.0,1,286.0,8,287.0,15,1
2024-06-03 09:01:57,286.5,5,286.0,11,286.5,7,1
2024-06-03 09:01:57,286.5,7,286.0,11,287.0,2,1
2024-06-03 09:01:57,287.0,2,286.5,10,287.5,15,1
2024-06-03 09:01:58,287.5,1,287.0,3,287.5,12,1
2024-06-03 09:02:05,287.5,2,287.0,12,287.5,13,1
2024-06-03 09:02:05,287.5,12,287.0,12,287.5,1,1
2024-06-03 09:02:05,287.5,1,287.5,5,288.0,1,1
2024-06-03 09:02:05,288.0,1,287.5,14,289.0,2,1
2024-06-03 09:02:05,287.5,12,287.5,2,289.0,2,2
2024-06-03 09:02:05,287.5,2,287.0,12,287.5,6,2
2024-06-03 09:02:05,287.5,1,287.0,12,287.5,5,1
2024-06-03 09:02:05,287.5,3,287.0,10,287.5,2,1
2024-06-03 09:02:05,287.5,2,287.0,10,289.0,12,1
2024-06-03 09:02:05,288.5,4,287.5,1,289.0,7,1
2024-06-03 09:02:05,289.0,1,287.5,1,289.0,7,1
2024-06-03 09:02:12,288.5,1,287.5,12,288.5,3,1
2024-06-03 09:02:12,288.5,1,287.5,12,289.0,5,1
2024-06-03 09:02:12,289.0,1,287.5,12,289.0,5,1
2024-06-03 09:02:14,288.5,1,288.5,1,289.0,4,2
2024-06-03 09:02:22,288.5,1,288.0,4,289.0,4,2
2024-06-03 09:02:30,288.0,1,288.0,1,288.5,5,2
2024-06-03 09:02:31,288.5,1,288.0,1,288.5,4,1
2024-06-03 09:02:32,288.5,1,288.0,1,288.5,3,1
2024-06-03 09:02:35,288.5,1,288.0,4,288.5,2,1
2024-06-03 09:02:37,288.5,1,288.0,5,288.5,5,1
2024-06-03 09:02:37,288.5,1,288.0,5,288.5,4,1
2024-06-03 09:02:37,288.5,4,288.0,5,288.5,4,1
2024-06-03 09:02:37,289.0,4,288.0,5,288.5,4,1
2024-06-03 09:02:37,289.5,2,288.0,5,288.5,4,1
2024-06-03 09:02:38,288.5,1,288.5,4,290.0,5,2
2024-06-03 09:02:43,289.5,1,288.5,4,289.5,2,1
2024-06-03 09:02:44,289.5,1,288.5,6,289.5,2,1
2024-06-03 09:02:51,289.0,1,288.5,4,289.5,4,2
2024-06-03 09:02:52,289.0,1,288.5,4,289.5,4,2
2024-06-03 09:02:53,289.0,2,288.5,3,289.5,7,2
2024-06-03 09:02:59,289.0,1,288.5,4,289.5,3,2
2024-06-03 09:02:59,289.0,1,289.0,1,289.5,4,2
2024-06-03 09:03:01,289.0,1,288.5,4,289.5,4,1
2024-06-03 09:03:07,289.0,2,288.5,6,289.5,4,2
2024-06-03 09:03:09,289.0,1,288.5,8,289.0,1,1
2024-06-03 09:03:17,289.0,1,288.5,8,289.0,1,1
2024-06-03 09:03:17,289.0,1,288.5,8,289.5,5,1
2024-06-03 09:03:19,289.0,1,288.5,6,289.0,4,1
2024-06-03 09:03:20,289.0,1,288.5,6,289.5,4,1
2024-06-03 09:03:21,288.5,1,288.5,5,289.5,6,2
2024-06-03 09:03:22,289.0,1,288.5,5,289.0,2,1
2024-06-03 09:03:23,289.0,1,288.5,5,289.5,5,1
2024-06-03 09:03:23,289.0,1,288.5,5,289.5,5,2
2024-06-03 09:03:30,289.0,5,288.5,5,289.5,3,1
2024-06-03 09:03:30,289.5,1,288.5,5,289.5,3,1
2024-06-03 09:03:33,289.5,2,289.0,10,289.5,1,1
2024-06-03 09:03:38,289.5,1,289.0,15,290.0,9,1
2024-06-03 09:03:41,289.5,1,289.5,2,290.0,9,1
2024-06-03 09:03:42,289.5,2,289.0,13,289.5,3,2
2024-06-03 09:03:49,289.5,1,289.0,15,289.5,3,1
2024-06-03 09:03:51,289.5,3,289.0,15,290.0,10,1
2024-06-03 09:04:00,289.0,12,288.5,6,289.5,1,2
2024-06-03 09:04:00,288.5,5,288.5,6,289.5,1,2
2024-06-03 09:04:08,288.0,7,288.0,7,289.0,12,2
2024-06-03 09:04:11,288.0,1,287.5,3,288.5,9,2
2024-06-03 09:04:18,287.5,1,287.5,2,288.0,2,2
2024-06-03 09:04:21,287.5,1,287.5,1,288.0,4,2
2024-06-03 09:04:24,288.0,5,287.5,1,288.5,12,1
2024-06-03 09:04:59,289.0,1,288.0,4,289.0,5,1
2024-06-03 09:05:07,288.5,1,288.0,3,289.0,8,2
2024-06-03 09:05:08,288.5,1,288.0,3,289.0,5,2
2024-06-03 09:05:25,288.5,1,288.0,6,288.5,5,1
2024-06-03 09:05:29,288.5,1,288.0,6,288.5,5,1
2024-06-03 09:05:42,288.0,1,288.0,11,288.5,4,2
2024-06-03 09:05:49,288.5,1,288.0,62,288.5,3,1
2024-06-03 09:05:58,288.5,1,288.0,63,288.5,2,1
2024-06-03 09:06:02,288.5,2,288.0,63,288.5,3,1
2024-06-03 09:06:08,288.5,1,288.0,66,288.5,2,1
2024-06-03 09:06:10,288.5,1,288.0,66,289.0,11,1
2024-06-03 09:06:33,289.0,1,288.5,7,289.0,8,1
2024-06-03 09:06:34,288.5,1,288.5,6,289.0,7,2
2024-06-03 09:06:40,288.5,1,288.5,6,289.0,9,2
2024-06-03 09:06:45,288.5,1,288.5,5,289.0,9,2
2024-06-03 09:06:49,289.0,9,289.0,1,289.5,9,1
2024-06-03 09:07:07,289.5,1,289.0,6,289.5,4,1
2024-06-03 09:07:07,289.5,2,289.0,6,290.0,10,1
2024-06-03 09:07:07,289.5,1,289.0,6,290.0,10,1
2024-06-03 09:07:08,290.0,2,289.5,5,290.0,10,1
2024-06-03 09:07:08,290.0,1,289.5,5,290.0,7,1
2024-06-03 09:07:08,290.0,7,289.5,5,290.5,7,1
2024-06-03 09:07:08,290.0,1,290.0,2,290.5,7,2
2024-06-03 09:07:09,290.5,5,290.0,3,290.5,1,1
2024-06-03 09:07:09,290.5,1,290.0,3,291.0,11,1
2024-06-03 09:07:10,290.0,1,290.0,2,291.0,11,2
2024-06-03 09:07:17,290.5,1,290.0,2,291.0,9,1
2024-06-03 09:07:17,291.0,2,290.0,2,291.0,9,1
2024-06-03 09:07:31,291.0,1,290.5,7,291.0,9,1
2024-06-03 09:07:31,291.0,1,290.5,8,291.0,8,1
2024-06-03 09:07:31,291.0,8,290.5,8,291.5,14,1
2024-06-03 09:07:37,291.5,1,291.0,6,291.5,13,1
2024-06-03 09:07:38,291.5,1,291.0,10,291.5,12,1
2024-06-03 09:07:40,291.5,10,291.0,15,291.5,2,1
2024-06-03 09:07:40,291.5,1,291.0,15,291.5,1,1
2024-06-03 09:07:40,291.5,1,291.0,15,291.5,1,1
2024-06-03 09:07:42,291.5,1,291.5,2,292.0,11,2
2024-06-03 09:07:42,291.5,1,291.0,15,292.0,11,2
2024-06-03 09:07:45,291.5,1,291.5,4,292.0,11,2
2024-06-03 09:07:48,292.0,1,291.5,4,292.0,10,1
2024-06-03 09:07:52,292.0,3,291.5,5,292.0,7,1
2024-06-03 09:07:53,291.5,2,291.5,4,292.0,10,2
2024-06-03 09:07:54,292.0,1,291.5,5,292.0,9,1
2024-06-03 09:07:58,292.0,5,291.5,7,292.0,5,1
2024-06-03 09:08:02,291.5,3,291.5,5,292.0,14,2
2024-06-03 09:08:03,291.5,1,291.5,4,292.0,14,2
2024-06-03 09:08:03,292.0,1,291.5,4,292.0,13,1
2024-06-03 09:08:06,292.0,1,291.5,4,292.0,11,1
2024-06-03 09:08:10,291.5,1,291.5,4,292.0,14,2
2024-06-03 09:08:12,292.0,1,291.5,4,292.0,13,1
2024-06-03 09:08:13,291.5,1,291.5,3,292.0,12,2
2024-06-03 09:08:16,291.5,1,291.5,2,292.0,14,2
2024-06-03 09:08:17,292.0,1,291.5,3,292.0,15,1
2024-06-03 09:08:19,291.5,1,291.5,2,292.0,15,2
2024-06-03 09:08:22,291.5,2,291.0,19,291.5,1,2
2024-06-03 09:08:22,291.0,13,291.0,6,291.5,1,2
2024-06-03 09:08:22,291.0,1,291.0,5,291.5,6,2
2024-06-03 09:08:22,291.0,5,290.5,11,291.5,5,2
2024-06-03 09:08:24,291.5,1,290.5,9,291.5,6,1
2024-06-03 09:08:29,291.5,1,290.5,14,291.5,6,1
2024-06-03 09:08:34,291.0,1,290.5,13,291.0,2,1
2024-06-03 09:08:37,290.5,8,290.5,5,291.5,8,2
2024-06-03 09:08:37,290.5,5,290.0,9,291.0,3,2
2024-06-03 09:08:43,290.5,1,290.0,7,290.5,5,1
2024-06-03 09:08:45,290.0,1,290.0,5,290.5,13,2
2024-06-03 09:08:45,290.0,1,290.0,5,290.5,13,2
2024-06-03 09:08:45,290.0,4,290.0,5,290.5,13,2
2024-06-03 09:08:50,289.5,6,289.0,11,289.5,1,2
2024-06-03 09:08:50,289.0,1,289.0,11,289.5,1,2
2024-06-03 09:08:50,289.0,1,289.0,8,289.5,2,2
2024-06-03 09:08:53,289.5,2,289.0,8,290.0,6,1
2024-06-03 09:08:53,290.0,1,289.0,8,290.0,6,1
2024-06-03 09:08:57,290.0,1,289.0,11,290.0,4,1
2024-06-03 09:08:57,290.0,1,289.0,11,290.0,4,1
2024-06-03 09:08:59,289.5,1,289.5,1,290.0,3,2
2024-06-03 09:09:01,290.0,2,289.0,11,290.0,2,1
2024-06-03 09:09:04,290.0,1,289.0,11,290.0,2,1
2024-06-03 09:09:16,290.0,2,289.5,5,290.0,3,1
2024-06-03 09:09:20,289.5,1,289.5,4,290.0,3,2
2024-06-03 09:09:23,290.0,1,289.5,4,290.0,2,1
2024-06-03 09:09:34,290.0,1,289.5,4,290.0,1,1
2024-06-03 09:09:36,290.0,1,289.5,5,290.5,17,1
2024-06-03 09:09:43,290.5,1,290.0,1,290.5,16,1
2024-06-03 09:09:48,290.0,4,289.5,2,290.5,16,2
2024-06-03 09:10:02,290.0,1,289.5,2,290.0,3,1
2024-06-03 09:10:03,290.0,1,289.5,3,290.0,1,1
2024-06-03 09:10:13,289.5,5,289.0,13,289.5,1,2
2024-06-03 09:10:14,289.5,1,289.5,1,290.0,8,1
2024-06-03 09:10:15,289.5,1,289.0,12,290.0,10,2
2024-06-03 09:10:23,289.5,1,289.5,2,290.0,10,2
2024-06-03 09:10:26,289.5,1,289.5,1,290.0,11,2
2024-06-03 09:10:27,289.5,1,289.0,13,290.0,18,2
2024-06-03 09:10:36,290.0,1,289.0,13,290.0,21,1
2024-06-03 09:10:58,289.5,1,289.0,14,289.5,2,1
2024-06-03 09:11:04,289.5,1,289.0,15,289.5,4,1
2024-06-03 09:11:09,289.5,1,289.0,14,289.5,4,1
2024-06-03 09:11:09,289.5,1,289.0,14,289.5,1,1
2024-06-03 09:11:14,289.5,1,289.0,14,290.0,18,1
2024-06-03 09:11:21,289.5,1,289.5,2,290.0,11,2
2024-06-03 09:11:22,289.5,1,289.5,1,290.0,11,2
2024-06-03 09:11:29,290.0,10,289.5,1,290.0,6,1
2024-06-03 09:11:34,290.0,1,289.5,6,290.0,5,1
2024-06-03 09:11:36,290.0,1,289.5,6,290.0,5,1
2024-06-03 09:11:44,290.0,1,289.5,3,290.0,9,1
2024-06-03 09:11:56,290.0,10,289.5,8,290.5,27,1
2024-06-03 09:12:25,290.0,1,290.0,1,290.5,26,2
2024-06-03 09:12:26,290.0,1,289.5,10,290.0,2,2
2024-06-03 09:12:49,289.5,1,289.5,9,290.0,3,2
2024-06-03 09:13:08,289.5,4,289.5,5,290.0,4,2
2024-06-03 09:13:08,289.5,5,289.0,19,290.0,4,2
2024-06-03 09:13:26,289.5,1,289.0,22,290.0,18,1
2024-06-03 09:13:27,289.5,1,289.0,22,289.5,1,2
2024-06-03 09:13:31,289.5,1,289.0,22,290.0,17,1
2024-06-03 09:13:35,289.5,1,289.0,22,290.0,17,1
2024-06-03 09:13:55,290.0,2,289.0,21,290.0,17,1
2024-06-03 09:14:02,290.0,1,289.5,1,290.0,8,1
2024-06-03 09:14:10,290.0,1,289.5,2,290.0,7,1
2024-06-03 09:14:22,290.0,1,289.5,1,290.0,9,1
2024-06-03 09:14:35,290.0,1,289.5,2,290.0,9,1
2024-06-03 09:15:05,290.0,1,289.5,7,290.0,8,1
2024-06-03 09:15:07,290.0,1,289.5,8,290.0,7,1
2024-06-03 09:15:16,290.0,1,289.5,10,290.0,6,1
2024-06-03 09:15:27,290.0,1,289.5,11,290.0,6,1
2024-06-03 09:15:39,289.5,10,289.5,1,290.0,6,2
2024-06-03 09:15:39,289.5,1,289.0,24,290.0,6,2
2024-06-03 09:15:44,290.0,1,289.0,22,290.0,13,1
2024-06-03 09:15:54,290.0,3,289.0,22,290.0,13,1
2024-06-03 09:16:07,290.0,1,289.5,5,290.0,5,1
2024-06-03 09:16:41,290.0,1,289.5,8,290.0,9,1
2024-06-03 09:16:53,290.0,1,289.5,9,290.0,7,1
2024-06-03 09:16:58,289.5,1,289.5,8,290.0,6,2
2024-06-03 09:16:58,289.5,8,289.0,23,290.0,6,2
2024-06-03 09:17:10,289.5,1,289.5,1,290.0,14,2
2024-06-03 09:17:33,289.0,2,289.0,21,289.5,5,2
2024-06-03 09:17:44,289.0,1,289.0,20,289.5,13,2
2024-06-03 09:17:48,289.0,1,289.0,20,289.5,2,2
2024-06-03 09:18:12,289.0,1,289.0,19,289.5,13,2
2024-06-03 09:18:15,289.0,15,289.0,4,289.5,13,2
2024-06-03 09:18:15,289.0,4,289.0,4,289.5,13,2
2024-06-03 09:18:20,288.5,1,288.5,22,289.0,11,2
2024-06-03 09:18:21,288.5,2,288.5,20,289.0,11,2
2024-06-03 09:18:24,288.5,1,288.5,19,289.0,11,2
2024-06-03 09:18:37,288.5,1,288.5,19,289.0,14,2
2024-06-03 09:18:37,288.5,3,288.5,15,289.0,18,2
2024-06-03 09:18:37,288.5,15,288.5,15,289.0,18,2
2024-06-03 09:18:53,288.0,8,288.0,70,288.5,7,2
2024-06-03 09:19:02,288.5,1,288.0,70,288.5,9,1
2024-06-03 09:19:04,288.0,1,288.0,69,288.5,9,2
2024-06-03 09:19:11,288.0,70,287.5,11,288.5,9,2
2024-06-03 09:19:12,287.5,1,287.5,7,288.0,5,2
2024-06-03 09:19:12,287.5,7,287.0,47,288.0,6,2
2024-06-03 09:19:17,287.5,1,287.0,47,287.5,1,2
2024-06-03 09:19:20,287.0,3,287.0,45,287.5,2,2
2024-06-03 09:19:20,287.5,1,287.0,45,287.5,1,1
2024-06-03 09:19:22,287.5,1,287.0,45,288.0,6,1
2024-06-03 09:19:22,287.5,1,287.0,45,288.0,7,1
2024-06-03 09:19:26,287.5,1,287.5,3,288.0,3,1
2024-06-03 09:19:27,287.5,2,287.5,1,288.0,2,2
2024-06-03 09:19:33,287.5,2,287.5,4,288.0,2,1
2024-06-03 09:19:51,288.0,2,287.5,13,288.0,2,1
2024-06-03 09:19:55,287.5,1,287.5,13,288.0,2,2
2024-06-03 09:20:19,288.0,3,287.5,17,288.5,4,1
2024-06-03 09:20:19,288.5,2,287.5,17,288.5,4,1
2024-06-03 09:20:25,288.0,1,288.0,4,288.5,1,2
2024-06-03 09:20:49,288.0,1,288.0,2,288.5,10,2
2024-06-03 09:20:49,288.0,1,288.0,1,288.5,10,2
2024-06-03 09:20:53,288.0,1,287.5,17,288.5,10,2
2024-06-03 09:21:27,287.5,2,287.5,15,288.0,12,2
2024-06-03 09:21:37,287.5,1,287.5,17,288.0,6,2
2024-06-03 09:21:59,288.0,1,287.5,19,288.0,6,1
2024-06-03 09:22:07,288.0,1,287.5,19,288.0,5,1
2024-06-03 09:22:10,288.0,1,287.5,18,288.0,4,1
2024-06-03 09:22:10,287.5,1,287.5,17,288.0,4,2
2024-06-03 09:22:18,288.0,1,287.5,18,288.0,3,1
2024-06-03 09:22:19,287.5,1,287.5,17,288.0,3,2
2024-06-03 09:22:21,288.0,1,287.5,16,288.0,2,1
2024-06-03 09:22:24,288.0,1,287.5,17,288.0,1,1
2024-06-03 09:22:26,287.5,1,287.5,16,288.0,1,2
2024-06-03 09:22:38,287.5,9,287.5,6,288.0,24,2
2024-06-03 09:22:38,287.5,6,287.5,6,288.0,24,2
2024-06-03 09:23:38,287.0,6,287.0,45,287.5,15,2
2024-06-03 09:23:52,287.5,2,287.0,46,287.5,7,1
2024-06-03 09:23:55,287.5,1,287.0,47,287.5,2,1
2024-06-03 09:23:56,287.5,1,287.0,47,287.5,1,1
2024-06-03 09:23:56,287.5,1,287.0,47,288.0,6,1
2024-06-03 09:24:18,287.5,5,287.0,48,288.0,5,2
2024-06-03 09:24:21,288.0,2,287.5,1,288.0,9,1
2024-06-03 09:24:36,287.5,3,287.0,46,288.0,11,2
2024-06-03 09:24:37,287.5,1,287.0,45,288.0,22,2
2024-06-03 09:25:02,288.0,1,287.0,47,288.0,25,1
2024-06-03 09:25:17,287.5,1,287.0,46,287.5,4,2
2024-06-03 09:25:34,287.5,3,287.0,46,287.5,2,2
2024-06-03 09:25:40,287.0,3,287.0,43,287.5,2,2
2024-06-03 09:25:59,287.0,6,287.0,30,287.5,4,2
2024-06-03 09:26:09,287.0,1,287.0,29,287.5,4,2
2024-06-03 09:26:22,287.0,5,287.0,24,287.5,4,2
2024-06-03 09:26:28,287.0,1,287.0,24,287.5,4,2
2024-06-03 09:26:29,287.0,11,287.0,15,287.5,4,2
2024-06-03 09:26:36,287.0,1,287.0,15,287.5,7,2
2024-06-03 09:26:38,287.0,1,287.0,14,287.5,7,2
2024-06-03 09:27:06,287.5,2,287.0,14,287.5,10,1
2024-06-03 09:27:14,287.5,1,287.0,17,287.5,5,1
2024-06-03 09:27:15,287.5,2,287.0,17,287.5,3,1
2024-06-03 09:27:20,287.5,1,287.0,18,287.5,2,1
2024-06-03 09:27:20,287.5,1,287.0,18,287.5,1,1
2024-06-03 09:27:25,287.5,1,287.0,18,288.0,11,1
2024-06-03 09:27:28,287.0,1,287.0,18,288.0,11,2
2024-06-03 09:27:48,287.0,4,287.0,23,288.0,11,2
2024-06-03 09:28:50,288.0,2,287.5,9,288.0,9,1
2024-06-03 09:28:50,288.0,9,287.5,9,288.5,2,1
2024-06-03 09:28:53,288.0,1,288.0,5,288.5,1,2
2024-06-03 09:29:09,288.5,1,288.0,7,289.0,5,1
2024-06-03 09:29:37,289.0,1,288.5,6,289.5,7,1
2024-06-03 09:29:39,289.0,1,288.5,6,289.0,1,1
2024-06-03 09:29:56,289.0,1,288.5,12,289.0,1,1
2024-06-03 09:30:00,289.0,1,288.5,12,289.5,6,1
2024-06-03 09:30:26,289.0,3,288.0,8,289.5,7,2
2024-06-03 09:30:26,288.5,13,288.0,8,289.5,7,2
2024-06-03 09:30:26,288.0,9,288.0,8,289.5,7,2
2024-06-03 09:30:26,288.0,1,288.0,5,289.0,3,2
2024-06-03 09:30:26,288.0,6,288.0,2,288.5,2,2
2024-06-03 09:30:26,288.5,1,288.0,2,288.5,1,1
2024-06-03 09:30:29,288.5,1,287.5,9,288.5,4,1
2024-06-03 09:30:40,288.5,4,288.5,1,289.0,14,1
2024-06-03 09:30:41,288.5,1,287.5,8,289.0,2,2
2024-06-03 09:30:50,288.5,1,288.5,1,289.0,18,2
2024-06-03 09:30:59,288.0,7,287.5,8,289.0,18,2
2024-06-03 09:31:00,288.0,1,287.5,6,288.0,2,2
2024-06-03 09:31:21,288.0,1,288.0,2,288.5,8,2
2024-06-03 09:32:38,288.5,2,288.5,3,289.0,2,2
2024-06-03 09:32:44,288.5,1,288.5,1,289.0,6,2
2024-06-03 09:32:51,288.0,1,288.0,15,289.0,3,2
2024-06-03 09:32:54,289.0,1,288.0,15,289.0,11,1
2024-06-03 09:34:13,288.5,2,288.0,22,288.5,1,2
2024-06-03 09:34:14,288.0,1,288.0,21,288.5,1,2
2024-06-03 09:34:40,288.5,2,288.0,28,289.0,7,1
2024-06-03 09:35:52,289.0,2,288.5,3,289.0,7,1
2024-06-03 09:36:51,288.5,2,288.5,4,289.0,7,2
2024-06-03 09:37:09,289.0,5,288.5,21,289.5,19,1
2024-06-03 09:39:48,289.0,1,289.0,30,289.5,8,2
2024-06-03 09:39:58,289.5,1,289.0,29,289.5,7,1
2024-06-03 09:40:09,289.5,1,289.0,29,289.5,6,1
2024-06-03 09:40:40,289.5,1,289.0,29,289.5,6,1
2024-06-03 09:40:41,289.5,1,289.0,29,289.5,5,1
2024-06-03 09:40:45,289.5,5,289.0,29,290.0,22,1
2024-06-03 09:41:36,290.0,1,289.5,6,290.0,22,1
2024-06-03 09:41:36,289.5,1,289.5,5,290.0,22,2
2024-06-03 09:41:37,289.5,1,289.5,4,290.0,22,2
2024-06-03 09:42:00,289.5,1,289.5,19,290.0,21,2
2024-06-03 09:42:19,289.5,1,289.5,17,290.0,21,2
2024-06-03 09:42:27,289.5,1,289.5,17,290.0,22,2
2024-06-03 09:42:40,289.5,11,289.5,6,290.0,22,2
2024-06-03 09:42:41,289.5,2,289.0,31,290.0,22,2
2024-06-03 09:42:41,289.5,4,289.0,31,290.0,22,2
2024-06-03 09:42:48,289.5,3,289.0,28,289.5,8,1
2024-06-03 09:42:49,289.0,1,289.0,27,289.5,9,2
2024-06-03 09:43:17,289.0,27,288.5,19,289.5,11,2
2024-06-03 09:43:45,288.5,2,288.5,18,289.0,6,2
2024-06-03 09:44:13,288.5,1,288.5,15,289.0,6,2
2024-06-03 09:44:20,288.5,1,288.5,14,289.0,3,2
2024-06-03 09:44:23,288.5,10,288.5,4,289.0,4,2
2024-06-03 09:44:23,288.5,4,288.0,29,289.0,4,2
2024-06-03 09:44:30,288.0,1,288.0,28,288.5,2,2
2024-06-03 09:45:55,288.0,1,288.0,29,288.5,2,2
2024-06-03 09:45:55,288.5,1,288.0,29,288.5,1,1
2024-06-03 09:45:57,288.0,5,288.0,24,288.5,1,2
2024-06-03 09:47:23,288.0,5,288.0,22,288.5,4,2
2024-06-03 09:47:23,288.0,10,288.0,12,288.5,4,2
2024-06-03 09:47:23,288.0,1,288.0,11,288.5,4,2
2024-06-03 09:47:23,288.0,4,288.0,7,288.5,5,2
2024-06-03 09:47:23,288.0,4,288.0,3,288.5,5,2
2024-06-03 09:47:23,288.0,3,287.5,29,288.5,8,2
2024-06-03 09:47:37,288.0,1,287.5,29,288.5,17,2
2024-06-03 09:48:11,288.0,1,287.5,29,288.0,1,1
2024-06-03 09:48:18,288.0,1,287.5,29,288.5,16,1
2024-06-03 09:48:43,287.5,2,287.5,26,288.0,6,2
2024-06-03 09:48:44,287.5,2,287.5,26,288.0,6,2
2024-06-03 09:48:44,288.0,2,287.5,24,288.0,4,1
2024-06-03 09:49:42,288.0,1,287.5,23,288.0,5,1
2024-06-03 09:49:54,287.5,1,287.5,22,288.0,5,2
2024-06-03 09:49:55,287.5,1,287.5,21,288.0,5,2
2024-06-03 09:50:03,287.5,1,287.5,20,288.0,5,2
2024-06-03 09:50:17,287.5,1,287.5,19,288.0,5,2
2024-06-03 09:50:33,287.5,2,287.5,18,288.0,3,2
2024-06-03 09:50:56,288.0,2,287.5,18,288.0,1,1
2024-06-03 09:51:21,287.5,1,287.5,37,288.0,6,2
2024-06-03 09:51:44,287.5,5,287.5,36,288.0,4,2
2024-06-03 09:51:44,287.5,5,287.5,31,288.0,11,2
2024-06-03 09:51:44,287.5,5,287.5,26,288.0,11,2
2024-06-03 09:51:44,287.5,4,287.5,22,288.0,9,2
2024-06-03 09:51:44,287.5,22,287.5,26,288.0,9,2
2024-06-03 09:51:44,287.0,1,287.0,52,288.0,10,2
2024-06-03 09:52:06,287.5,1,287.0,69,288.0,9,2
2024-06-03 09:52:26,288.0,4,288.0,10,288.5,11,1
2024-06-03 09:52:28,288.0,5,288.0,5,288.5,4,2
2024-06-03 09:52:30,288.0,1,288.0,4,288.5,5,2
2024-06-03 09:52:30,288.0,4,287.5,5,288.5,5,2
2024-06-03 09:53:29,288.0,1,287.5,17,288.5,6,2
2024-06-03 09:56:26,288.0,2,288.0,1,288.5,13,1
2024-06-03 09:57:10,288.0,1,288.0,2,288.5,9,2
2024-06-03 09:57:32,288.5,9,288.5,1,289.0,12,1
2024-06-03 09:57:32,288.5,1,288.0,8,289.0,11,2
2024-06-03 09:57:54,288.0,1,288.0,20,289.0,4,2
2024-06-03 09:58:04,289.0,3,288.5,14,289.5,5,1
2024-06-03 09:58:23,289.5,2,289.0,7,290.0,23,1
2024-06-03 09:58:41,289.5,1,289.5,12,290.0,23,2
2024-06-03 09:59:03,289.5,1,289.5,12,290.0,24,2
2024-06-03 09:59:16,289.5,1,289.5,12,290.0,24,2
2024-06-03 09:59:33,290.0,23,290.0,2,290.5,19,1
2024-06-03 09:59:50,290.5,2,290.0,12,290.5,18,1
2024-06-03 09:59:50,290.5,18,290.0,12,291.0,32,1
2024-06-03 09:59:50,291.0,1,290.5,7,291.0,29,1
2024-06-03 10:00:08,291.0,1,290.5,10,291.0,29,1
2024-06-03 10:00:09,291.0,1,290.5,10,291.0,28,1
2024-06-03 10:00:10,291.0,1,290.5,10,291.0,27,1
2024-06-03 10:00:13,291.0,1,290.5,10,291.0,26,1
2024-06-03 10:00:13,291.0,1,290.5,10,291.0,25,1
2024-06-03 10:00:15,291.0,1,290.5,10,291.0,25,1
2024-06-03 10:00:21,291.0,20,290.5,10,291.0,5,1
2024-06-03 10:00:21,291.0,5,290.5,10,291.5,25,1
2024-06-03 10:00:22,291.0,5,291.0,9,291.5,24,2
2024-06-03 10:00:29,291.5,1,291.0,3,291.5,22,1
2024-06-03 10:00:31,291.0,1,291.0,2,291.5,22,2
2024-06-03 10:00:34,291.5,23,291.0,2,292.0,52,1
2024-06-03 10:00:34,292.0,2,291.0,2,292.0,52,1
2024-06-03 10:00:35,292.0,20,291.0,10,292.0,28,1
2024-06-03 10:00:35,292.0,1,291.5,5,292.0,27,1
2024-06-03 10:00:35,291.5,2,291.5,4,292.0,27,2
2024-06-03 10:00:36,292.0,5,291.5,5,292.0,22,1
2024-06-03 10:00:36,292.0,2,291.5,5,292.0,20,1
2024-06-03 10:00:37,292.0,2,291.5,6,292.0,18,1
2024-06-03 10:00:38,292.0,2,291.5,6,292.0,16,1
2024-06-03 10:00:39,292.0,1,291.5,7,292.0,15,1
2024-06-03 10:00:42,292.0,1,291.5,6,292.0,15,1
2024-06-03 10:00:45,292.0,16,292.0,4,292.5,22,1
2024-06-03 10:00:46,292.5,1,292.0,8,292.5,21,1
2024-06-03 10:00:50,292.5,1,292.0,30,292.5,20,1
2024-06-03 10:00:50,292.5,1,292.0,30,292.5,19,1
2024-06-03 10:00:52,292.5,1,292.0,30,292.5,17,1
2024-06-03 10:00:54,292.5,1,292.0,29,292.5,16,1
2024-06-03 10:00:56,292.5,1,292.0,9,292.5,15,1
2024-06-03 10:00:58,292.5,3,292.0,9,292.5,13,1
2024-06-03 10:00:58,292.5,1,292.0,8,292.5,12,1
2024-06-03 10:00:59,292.5,2,292.0,8,292.5,10,1
2024-06-03 10:01:00,292.5,1,292.0,12,292.5,9,1
2024-06-03 10:01:00,292.5,1,292.0,12,292.5,8,1
2024-06-03 10:01:01,292.5,1,292.0,12,292.5,7,1
2024-06-03 10:01:02,292.5,1,292.0,12,292.5,6,1
2024-06-03 10:01:02,292.5,1,292.0,12,292.5,5,1
2024-06-03 10:01:03,292.5,5,292.0,12,293.0,28,1
2024-06-03 10:01:03,293.0,10,292.0,12,293.0,28,1
2024-06-03 10:01:03,292.5,1,292.0,13,293.0,28,2
2024-06-03 10:01:04,292.5,1,292.5,3,293.0,28,2
2024-06-03 10:01:08,292.5,1,292.5,4,293.0,31,2
2024-06-03 10:01:12,293.0,20,292.5,9,293.0,11,1
2024-06-03 10:01:12,293.0,11,292.5,12,293.5,57,1
2024-06-03 10:01:13,292.5,1,292.5,21,293.5,53,2
2024-06-03 10:01:21,293.5,4,293.0,27,293.5,50,1
2024-06-03 10:01:22,293.5,2,293.0,27,293.5,48,1
2024-06-03 10:01:27,293.5,1,293.0,31,293.5,48,1
2024-06-03 10:01:27,293.5,1,293.0,31,293.5,47,1
2024-06-03 10:01:28,293.5,1,293.0,27,293.5,46,1
2024-06-03 10:01:28,293.5,1,293.0,27,293.5,45,1
2024-06-03 10:01:29,293.5,30,293.0,30,293.5,15,1
2024-06-03 10:01:29,293.5,7,293.0,30,293.5,15,1
2024-06-03 10:01:29,293.5,8,293.0,31,294.0,39,1
2024-06-03 10:01:29,293.5,1,293.5,2,294.0,39,2
2024-06-03 10:01:31,294.0,20,293.5,22,294.0,19,1
2024-06-03 10:01:31,294.0,12,293.5,22,294.0,19,1
2024-06-03 10:01:31,294.0,4,293.5,22,294.0,19,1
2024-06-03 10:01:31,294.0,3,293.5,23,294.5,26,1
2024-06-03 10:01:32,294.5,1,294.0,3,294.5,25,1
2024-06-03 10:01:32,294.0,1,294.0,1,294.5,25,2
2024-06-03 10:01:33,294.5,1,294.0,3,294.5,24,1
2024-06-03 10:01:34,294.5,1,294.0,2,294.5,23,1
2024-06-03 10:01:35,294.0,1,294.0,1,294.5,23,2
2024-06-03 10:01:36,294.5,1,293.5,25,294.5,22,1
2024-06-03 10:01:36,294.5,1,294.0,1,294.5,21,1
2024-06-03 10:01:37,294.5,1,294.0,3,294.5,20,1
2024-06-03 10:01:38,294.0,2,294.0,4,294.5,20,2
2024-06-03 10:01:38,294.5,1,294.0,4,294.5,19,1
2024-06-03 10:01:39,294.5,1,294.0,5,294.5,18,1
2024-06-03 10:01:39,294.0,3,294.0,3,294.5,18,2
2024-06-03 10:01:41,294.0,1,294.0,3,294.5,19,2
2024-06-03 10:01:42,294.0,1,294.0,1,294.5,19,2
2024-06-03 10:01:44,294.0,1,293.5,22,294.5,21,2
2024-06-03 10:01:44,294.0,1,293.5,21,294.5,21,1
2024-06-03 10:01:49,294.0,1,293.5,9,294.0,6,1
2024-06-03 10:01:50,294.0,1,293.5,9,294.0,8,1
2024-06-03 10:01:54,294.0,1,293.5,8,294.0,13,1
2024-06-03 10:01:59,294.0,1,293.5,4,294.0,13,1
2024-06-03 10:01:59,294.0,1,293.5,4,294.0,13,1
2024-06-03 10:01:59,294.0,2,293.5,2,294.0,10,1
2024-06-03 10:02:02,294.0,1,293.5,52,294.0,17,1
2024-06-03 10:02:04,294.0,20,293.5,53,294.5,25,1
2024-06-03 10:02:04,293.5,1,293.5,52,294.5,25,2
2024-06-03 10:02:06,294.0,5,293.5,53,294.0,1,1
2024-06-03 10:02:08,294.0,1,293.5,54,294.0,4,1
2024-06-03 10:02:10,294.0,1,293.5,54,294.0,3,1
2024-06-03 10:02:13,294.0,1,293.5,54,294.0,3,1
2024-06-03 10:02:13,294.0,1,293.5,54,294.0,2,1
2024-06-03 10:02:14,294.0,2,293.5,54,294.0,2,1
2024-06-03 10:02:15,294.0,1,294.0,2,294.5,26,2
2024-06-03 10:02:16,294.0,2,294.0,19,294.5,21,2
2024-06-03 10:02:19,294.0,1,294.0,10,294.5,31,2
2024-06-03 10:02:21,294.0,1,294.0,23,294.5,32,2
2024-06-03 10:02:24,294.0,1,294.0,24,294.5,32,2
2024-06-03 10:02:24,294.0,2,294.0,24,294.5,32,2
2024-06-03 10:02:24,294.0,1,294.0,23,294.5,32,2
2024-06-03 10:02:27,294.0,1,294.0,12,294.5,32,2
2024-06-03 10:02:29,294.0,1,294.0,12,294.5,32,2
2024-06-03 10:02:30,294.0,2,294.0,10,294.5,33,2
2024-06-03 10:02:33,294.0,1,294.0,9,294.5,38,2
2024-06-03 10:02:33,294.0,1,294.0,8,294.5,38,2
2024-06-03 10:02:35,294.0,3,294.0,5,294.5,35,2
2024-06-03 10:02:36,294.0,1,294.0,4,294.5,35,2
2024-06-03 10:02:36,294.0,1,294.0,3,294.5,35,2
2024-06-03 10:02:37,294.0,3,293.5,69,294.0,2,2
2024-06-03 10:02:43,294.0,5,293.5,52,294.0,4,1
2024-06-03 10:02:51,294.0,1,293.5,53,294.0,15,1
2024-06-03 10:02:54,294.0,10,293.5,53,294.0,5,1
2024-06-03 10:03:00,293.5,3,293.5,50,294.0,5,2
2024-06-03 10:03:01,294.0,1,293.5,50,294.0,4,1
2024-06-03 10:03:02,294.0,5,294.0,25,294.5,40,1
2024-06-03 10:03:04,294.0,1,294.0,25,294.5,36,2
2024-06-03 10:03:04,294.0,8,294.0,17,294.5,36,2
2024-06-03 10:03:06,294.0,1,294.0,17,294.5,36,2
2024-06-03 10:03:09,294.0,1,294.0,19,294.5,38,2
2024-06-03 10:03:11,294.0,1,294.0,19,294.5,38,2
2024-06-03 10:03:12,294.5,1,294.0,19,294.5,37,1
2024-06-03 10:03:16,294.0,1,294.0,18,294.5,37,2
2024-06-03 10:03:20,294.5,2,294.0,19,294.5,33,1
2024-06-03 10:03:25,294.5,27,294.0,24,294.5,33,1
2024-06-03 10:03:25,294.5,2,294.0,24,294.5,33,1
2024-06-03 10:03:25,294.5,1,294.0,24,294.5,33,1
2024-06-03 10:03:25,294.5,3,294.0,24,294.5,33,1
2024-06-03 10:03:25,295.0,12,294.0,24,294.5,33,1
2024-06-03 10:03:25,295.0,1,294.0,24,294.5,33,1
2024-06-03 10:03:25,295.0,2,294.0,24,294.5,33,1
2024-06-03 10:03:25,295.0,1,294.5,6,295.0,60,1
2024-06-03 10:03:26,295.0,1,294.5,6,295.0,59,1
2024-06-03 10:03:26,295.0,2,294.5,6,295.0,57,1
2024-06-03 10:03:28,295.0,1,294.5,6,295.0,56,1
2024-06-03 10:03:31,295.0,2,294.5,7,295.0,55,1
2024-06-03 10:03:32,295.0,1,294.5,8,295.0,54,1
2024-06-03 10:03:34,294.5,1,294.5,10,295.0,54,2
2024-06-03 10:03:34,295.0,3,294.5,12,295.0,51,1
2024-06-03 10:03:35,295.0,3,294.5,13,295.0,48,1
2024-06-03 10:03:36,295.0,1,294.5,13,295.0,49,1
2024-06-03 10:03:37,295.0,49,295.0,11,295.5,15,1
2024-06-03 10:03:38,295.5,10,295.0,14,295.5,15,1
2024-06-03 10:03:38,295.5,5,295.0,13,296.0,53,1
2024-06-03 10:03:39,295.5,1,0.0,0,0.0,0,2
2024-06-03 10:03:39,295.0,4,0.0,0,0.0,0,2
2024-06-03 10:03:41,296.0,2,295.0,12,296.0,53,1
2024-06-03 10:03:41,296.0,1,295.0,12,296.0,51,1
2024-06-03 10:03:41,296.0,1,295.0,13,296.0,50,1
2024-06-03 10:03:43,295.5,1,295.0,14,295.5,4,1
2024-06-03 10:03:43,295.5,4,295.0,17,296.0,47,1
2024-06-03 10:03:43,296.0,3,295.0,17,296.0,47,1
2024-06-03 10:03:45,295.5,1,295.0,17,296.0,48,2
2024-06-03 10:03:46,296.0,1,295.0,17,296.0,47,1
2024-06-03 10:03:50,295.5,2,295.5,1,296.0,47,2
2024-06-03 10:03:50,295.5,1,295.0,18,296.0,48,2
2024-06-03 10:03:53,295.5,1,295.0,18,295.5,7,1
2024-06-03 10:03:55,295.5,15,296.0,33,296.5,32,1
2024-06-03 10:03:55,296.0,52,296.0,33,296.5,32,1
2024-06-03 10:03:55,296.0,7,296.0,33,296.5,32,2
2024-06-03 10:03:55,296.0,3,296.0,25,296.5,29,2
2024-06-03 10:03:55,296.0,1,296.0,25,296.5,29,2
2024-06-03 10:03:58,296.5,2,296.0,29,296.5,23,1
2024-06-03 10:03:58,296.5,3,296.0,29,296.5,23,1
2024-06-03 10:03:58,296.5,1,296.0,29,296.5,23,1
2024-06-03 10:03:58,296.5,1,296.0,29,296.5,16,1
2024-06-03 10:03:58,296.0,1,296.0,28,296.5,16,2
2024-06-03 10:03:59,296.0,2,296.0,26,296.5,16,2
2024-06-03 10:04:01,296.0,1,296.0,26,296.5,16,2
2024-06-03 10:04:02,296.5,16,296.5,2,297.0,42,1
2024-06-03 10:04:02,296.5,1,296.5,3,297.0,39,2
2024-06-03 10:04:05,297.0,1,296.5,16,297.0,38,1
2024-06-03 10:04:05,296.5,1,296.5,15,297.0,38,2
2024-06-03 10:04:05,296.5,2,296.5,14,297.0,43,2
2024-06-03 10:04:07,297.0,20,296.5,12,297.0,31,1
2024-06-03 10:04:07,297.0,1,296.5,12,297.0,25,1
2024-06-03 10:04:09,297.0,1,296.5,12,297.0,25,1
2024-06-03 10:04:12,297.0,1,296.5,13,297.0,26,1
2024-06-03 10:04:12,297.0,1,296.5,13,297.0,26,1
2024-06-03 10:04:12,297.0,1,296.5,13,297.0,24,1
2024-06-03 10:04:12,297.0,2,296.5,13,297.0,22,1
2024-06-03 10:04:13,297.0,1,296.5,13,297.0,19,1
2024-06-03 10:04:13,296.5,1,296.5,12,297.0,19,2
2024-06-03 10:04:14,297.0,1,296.5,12,297.0,21,1
2024-06-03 10:04:14,297.0,1,296.5,12,297.0,23,1
2024-06-03 10:04:15,296.5,3,296.5,12,297.0,18,2
2024-06-03 10:04:15,297.0,2,296.5,9,297.0,16,1
2024-06-03 10:04:17,296.5,2,296.5,13,297.0,21,2
2024-06-03 10:04:18,296.5,1,296.5,12,297.0,22,2
2024-06-03 10:04:18,297.0,22,297.0,8,297.5,33,1
2024-06-03 10:04:20,297.0,1,297.0,12,297.5,36,2
2024-06-03 10:04:23,297.5,3,297.0,10,297.5,30,1
2024-06-03 10:04:27,297.5,1,297.0,11,297.5,31,1
2024-06-03 10:04:28,297.5,1,297.0,11,297.5,33,1
2024-06-03 10:04:29,297.5,10,297.0,11,297.5,23,1
2024-06-03 10:04:29,297.0,1,297.0,10,297.5,23,2
2024-06-03 10:04:29,297.0,1,297.0,9,297.5,23,2
2024-06-03 10:04:30,297.5,1,297.0,9,297.5,22,1
2024-06-03 10:04:30,297.0,2,297.0,7,297.5,22,2
2024-06-03 10:04:32,297.0,1,297.0,6,297.5,35,2
2024-06-03 10:04:33,297.5,2,297.0,6,297.5,35,1
2024-06-03 10:04:34,297.0,1,297.0,6,297.5,38,2
2024-06-03 10:04:36,297.0,1,297.0,9,297.5,44,2
2024-06-03 10:04:37,297.0,1,297.0,8,297.5,50,2
2024-06-03 10:04:38,297.0,8,296.5,17,297.5,50,2
2024-06-03 10:04:39,296.5,1,296.5,16,297.0,12,2
2024-06-03 10:04:39,297.0,1,296.5,16,297.0,12,1
2024-06-03 10:04:40,297.0,8,296.5,6,297.0,12,1
2024-06-03 10:04:42,297.0,5,296.5,6,297.0,16,1
2024-06-03 10:04:44,296.5,2,296.5,4,297.0,18,2
2024-06-03 10:04:45,296.5,1,296.5,3,297.0,21,2
2024-06-03 10:04:47,296.5,1,296.5,7,297.0,25,2
2024-06-03 10:04:49,296.5,1,296.5,7,297.0,27,2
2024-06-03 10:04:51,297.0,1,296.5,7,297.0,22,1
2024-06-03 10:04:51,297.0,15,296.5,7,297.0,7,1
2024-06-03 10:04:52,296.5,5,296.5,3,297.0,13,2
2024-06-03 10:04:52,297.0,8,296.5,3,297.0,5,1
2024-06-03 10:04:52,297.0,1,296.5,3,297.0,4,1
2024-06-03 10:04:52,297.0,5,296.5,3,297.5,53,1
2024-06-03 10:04:56,297.0,2,296.5,3,297.0,8,1
2024-06-03 10:04:56,297.0,2,296.5,3,297.0,4,1
2024-06-03 10:04:56,297.0,1,296.5,3,297.0,8,1
2024-06-03 10:04:58,297.0,2,296.5,13,297.0,6,1
2024-06-03 10:05:00,297.0,1,296.5,13,297.0,5,1
2024-06-03 10:05:01,297.0,1,296.5,6,297.0,5,1
2024-06-03 10:05:02,296.5,1,296.5,5,297.0,5,2
2024-06-03 10:05:05,297.0,4,296.5,8,297.0,1,1
2024-06-03 10:05:06,297.0,1,296.5,8,297.0,1,1
2024-06-03 10:05:07,297.0,1,296.5,8,297.5,49,1
2024-06-03 10:05:07,296.5,5,296.5,3,297.5,44,2
2024-06-03 10:05:13,297.0,1,297.0,9,297.5,52,1
2024-06-03 10:05:15,297.0,1,297.0,8,297.5,46,2
2024-06-03 10:05:15,297.0,1,297.0,7,297.5,46,2
2024-06-03 10:05:15,297.0,1,297.0,7,297.5,46,2
2024-06-03 10:05:16,297.0,1,297.0,5,297.5,46,2
2024-06-03 10:05:16,297.0,1,297.0,4,297.5,46,2
2024-06-03 10:05:18,297.0,1,297.0,3,297.5,46,2
2024-06-03 10:05:19,297.0,1,297.0,22,297.5,46,2
2024-06-03 10:05:19,297.0,1,297.0,21,297.5,46,2
2024-06-03 10:05:21,297.0,1,297.0,20,297.5,46,2
2024-06-03 10:05:21,297.0,20,296.5,24,297.5,46,2
2024-06-03 10:05:24,297.0,2,296.5,24,297.0,51,1
2024-06-03 10:05:26,297.0,1,296.5,24,297.0,50,1
2024-06-03 10:05:27,297.0,1,296.5,24,297.0,49,1
2024-06-03 10:05:29,297.0,10,296.5,25,297.0,41,1
2024-06-03 10:05:30,296.5,1,296.5,24,297.0,41,2
2024-06-03 10:05:34,297.0,1,296.5,25,297.0,41,1
2024-06-03 10:05:37,297.0,1,296.5,25,297.0,48,1
2024-06-03 10:05:42,297.0,1,296.5,25,297.0,54,1
2024-06-03 10:05:43,297.0,10,296.5,25,297.0,44,1
2024-06-03 10:05:44,297.0,1,296.5,25,297.0,44,1
2024-06-03 10:05:45,296.5,7,296.5,18,297.0,47,2
2024-06-03 10:05:45,297.0,1,296.5,18,297.0,46,1
2024-06-03 10:05:45,297.0,1,296.5,18,297.0,45,1
2024-06-03 10:05:47,297.0,1,296.5,18,297.0,47,1
2024-06-03 10:05:47,297.0,1,296.5,18,297.0,46,1
2024-06-03 10:05:47,297.0,1,296.5,18,297.0,45,1
2024-06-03 10:05:50,297.0,1,296.5,21,297.0,43,1
2024-06-03 10:05:51,297.0,1,296.5,21,297.0,42,1
2024-06-03 10:05:52,297.0,42,297.0,8,297.5,65,1
2024-06-03 10:05:52,297.0,1,297.0,8,297.5,59,2
2024-06-03 10:05:54,297.0,1,297.0,19,297.5,59,2
2024-06-03 10:05:55,297.0,1,297.0,19,297.5,59,2
2024-06-03 10:05:58,297.5,19,297.0,20,297.5,40,1
2024-06-03 10:05:58,297.5,40,297.0,21,297.5,40,1
2024-06-03 10:05:58,298.0,7,297.0,21,297.5,40,1
2024-06-03 10:05:58,298.0,12,297.0,21,297.5,40,1
2024-06-03 10:05:58,298.0,12,297.0,21,297.5,40,1
2024-06-03 10:05:58,298.0,36,297.0,21,297.5,40,1
2024-06-03 10:05:58,298.0,13,297.5,21,298.0,1,1
2024-06-03 10:05:58,298.0,1,297.5,21,298.5,85,1
2024-06-03 10:06:00,298.0,1,298.0,10,298.5,86,2
2024-06-03 10:06:01,298.0,3,298.0,7,298.5,86,2
2024-06-03 10:06:02,298.0,1,298.0,6,298.5,87,2
2024-06-03 10:06:03,298.5,1,298.0,2,298.5,87,1
2024-06-03 10:06:04,298.5,2,298.0,2,298.5,85,1
2024-06-03 10:06:04,298.5,1,298.0,2,298.5,87,1
2024-06-03 10:06:04,298.0,3,298.0,1,298.5,84,2
2024-06-03 10:06:06,298.0,5,298.0,6,298.5,83,2
2024-06-03 10:06:06,298.0,1,297.5,20,298.0,9,2
2024-06-03 10:06:08,297.5,1,297.5,7,298.0,10,2
2024-06-03 10:06:09,298.0,1,297.5,2,298.0,15,1
2024-06-03 10:06:11,298.0,1,297.0,33,298.0,17,1
2024-06-03 10:06:16,298.0,1,297.0,27,298.0,35,1
2024-06-03 10:06:17,298.0,20,297.0,27,298.0,15,1
2024-06-03 10:06:18,297.5,1,297.5,5,298.0,15,1
2024-06-03 10:06:23,297.5,1,297.0,32,298.0,18,2
2024-06-03 10:06:25,297.5,1,297.0,32,297.5,1,1
2024-06-03 10:06:25,297.5,1,297.0,32,298.0,17,1
2024-06-03 10:06:25,298.0,2,297.0,32,298.0,17,1
2024-06-03 10:06:28,297.5,1,297.5,1,298.0,17,2
2024-06-03 10:06:28,298.0,1,297.5,1,298.0,16,1
2024-06-03 10:06:30,298.0,1,297.5,2,298.0,18,1
2024-06-03 10:06:31,297.5,1,297.5,2,298.0,18,2
2024-06-03 10:06:35,297.5,4,297.0,38,297.5,6,2
2024-06-03 10:06:36,297.5,1,297.0,39,297.5,5,1
2024-06-03 10:06:40,297.5,1,297.0,38,297.5,6,1
2024-06-03 10:06:42,297.5,1,297.0,40,297.5,6,1
2024-06-03 10:06:43,297.5,5,297.0,40,297.5,16,1
2024-06-03 10:06:44,297.5,10,297.0,40,297.5,1,1
2024-06-03 10:06:44,297.5,1,297.5,4,298.0,23,1
2024-06-03 10:06:46,297.5,5,297.0,39,297.5,25,2
2024-06-03 10:06:46,297.5,1,297.0,39,297.5,24,1
2024-06-03 10:06:48,297.5,3,297.0,40,297.5,23,1
2024-06-03 10:06:52,297.5,1,297.0,39,297.5,22,1
2024-06-03 10:06:52,297.5,3,297.0,36,297.5,19,1
2024-06-03 10:06:54,297.5,19,297.5,1,298.0,25,1
2024-06-03 10:06:56,297.5,1,297.0,36,298.0,25,2
2024-06-03 10:06:57,297.0,20,297.0,16,297.5,3,2
2024-06-03 10:06:57,297.0,1,297.0,15,297.5,3,2
2024-06-03 10:07:00,297.0,15,297.0,1,297.5,3,2
2024-06-03 10:07:00,297.0,1,296.5,19,297.5,3,2
2024-06-03 10:07:00,297.5,1,296.5,19,297.5,9,1
2024-06-03 10:07:04,297.0,1,296.5,19,297.0,9,1
2024-06-03 10:07:05,296.5,1,296.5,18,297.0,9,2
2024-06-03 10:07:05,296.5,4,296.5,14,297.0,9,2
2024-06-03 10:07:06,297.0,2,296.5,14,297.0,14,1
2024-06-03 10:07:10,296.5,1,296.5,14,297.0,14,2
2024-06-03 10:07:11,297.0,2,296.5,14,297.0,18,1
2024-06-03 10:07:11,297.0,10,296.5,14,297.0,8,1
2024-06-03 10:07:14,297.0,8,297.0,2,297.5,9,1
2024-06-03 10:07:23,297.0,5,297.0,5,297.5,11,2
2024-06-03 10:07:25,296.5,7,296.5,10,297.0,5,2
2024-06-03 10:07:27,297.0,1,296.5,10,297.0,39,1
2024-06-03 10:07:28,297.0,1,296.5,10,297.0,39,1
2024-06-03 10:07:29,296.5,2,296.5,8,297.0,39,2
2024-06-03 10:07:30,296.5,1,296.5,7,297.0,41,2
2024-06-03 10:07:31,296.5,1,296.5,6,297.0,42,2
2024-06-03 10:07:34,296.5,1,296.5,5,297.0,42,2
2024-06-03 10:07:34,296.5,5,296.0,7,297.0,42,2
2024-06-03 10:07:37,296.5,1,296.0,7,297.0,1,1
2024-06-03 10:07:37,297.0,9,296.0,7,297.0,1,1
2024-06-03 10:07:48,296.0,1,296.0,8,296.5,2,2
2024-06-03 10:07:50,296.0,1,296.0,7,296.5,2,2
2024-06-03 10:07:50,296.5,1,296.0,7,296.5,1,1
2024-06-03 10:07:53,296.5,1,296.0,8,297.0,42,1
2024-06-03 10:07:53,297.0,1,296.0,8,297.0,42,1
2024-06-03 10:08:11,296.0,1,296.0,13,296.5,6,2
2024-06-03 10:08:11,296.5,1,296.0,13,296.5,5,1
2024-06-03 10:08:13,296.5,1,296.0,13,296.5,14,1
2024-06-03 10:08:15,296.5,2,296.0,13,296.5,14,1
2024-06-03 10:08:15,296.0,1,296.0,12,296.5,14,2
2024-06-03 10:08:20,296.5,1,296.0,12,296.5,13,1
2024-06-03 10:08:22,296.0,1,296.0,11,296.5,14,2
2024-06-03 10:08:37,296.0,11,295.5,19,296.0,14,2
2024-06-03 10:08:39,296.0,1,295.5,19,296.0,13,1
2024-06-03 10:09:03,295.5,1,295.5,28,296.0,29,2
2024-06-03 10:09:08,295.5,3,295.5,25,296.0,30,2
2024-06-03 10:09:09,295.5,10,295.5,15,296.0,31,2
2024-06-03 10:09:11,295.5,1,295.5,15,296.0,31,2
2024-06-03 10:09:12,295.5,10,295.5,5,296.0,31,2
2024-06-03 10:09:15,295.5,1,295.5,4,296.0,31,2
2024-06-03 10:09:16,296.0,1,295.5,4,296.0,30,1
2024-06-03 10:09:22,295.5,1,295.5,3,296.0,30,2
2024-06-03 10:09:23,295.5,1,295.5,13,296.0,31,2
2024-06-03 10:09:23,295.5,1,295.5,12,296.0,32,2
2024-06-03 10:09:27,295.5,2,295.5,11,296.0,33,2
2024-06-03 10:09:28,295.5,1,295.5,10,296.0,33,2
2024-06-03 10:09:29,295.5,1,295.5,8,296.0,33,2
2024-06-03 10:09:33,296.0,1,295.5,8,296.0,32,1
2024-06-03 10:09:36,295.5,1,295.5,8,296.0,34,2
2024-06-03 10:09:37,295.5,1,295.5,6,296.0,34,2
2024-06-03 10:09:39,295.5,4,295.5,8,296.0,41,2
2024-06-03 10:09:41,295.5,1,295.5,7,296.0,42,2
2024-06-03 10:09:43,295.5,1,295.5,7,296.0,42,2
2024-06-03 10:09:45,295.5,1,295.5,7,296.0,42,2
2024-06-03 10:09:46,295.5,2,295.5,6,296.0,42,2
2024-06-03 10:09:49,295.5,1,295.5,5,296.0,42,2
2024-06-03 10:09:50,295.5,2,295.5,3,296.0,42,2
2024-06-03 10:09:54,295.5,1,295.5,2,296.0,42,2
2024-06-03 10:10:06,295.5,2,295.0,57,295.5,9,2
2024-06-03 10:10:16,295.5,1,295.0,57,295.5,18,1
2024-06-03 10:10:18,295.0,1,295.0,56,295.5,18,2
2024-06-03 10:10:24,295.0,2,295.0,54,295.5,19,2
2024-06-03 10:10:27,295.0,54,294.5,20,295.0,16,2
2024-06-03 10:10:28,294.5,2,294.5,14,295.0,16,2
2024-06-03 10:10:31,294.5,2,294.5,12,295.0,18,2
2024-06-03 10:10:34,294.5,3,294.5,8,295.0,24,2
2024-06-03 10:10:36,294.5,1,294.5,8,295.0,24,2
2024-06-03 10:10:36,294.5,1,294.5,7,295.0,24,2
2024-06-03 10:10:38,294.5,1,294.5,6,295.0,24,2
2024-06-03 10:10:41,294.5,4,294.5,3,295.0,24,2
2024-06-03 10:10:45,295.0,1,294.5,4,295.0,35,1
2024-06-03 10:10:45,294.5,1,294.5,3,295.0,35,2
2024-06-03 10:10:46,294.5,1,294.5,4,295.0,36,2
2024-06-03 10:10:50,294.5,2,294.5,1,295.0,37,2
2024-06-03 10:10:51,294.5,1,294.5,8,295.0,37,2
2024-06-03 10:10:52,294.5,1,294.5,8,295.0,37,2
2024-06-03 10:10:53,294.5,7,294.0,39,294.5,4,2
2024-06-03 10:10:53,294.5,3,294.0,39,294.5,4,1
2024-06-03 10:10:53,294.5,1,294.0,39,294.5,1,1
2024-06-03 10:10:54,294.5,1,294.5,2,295.0,26,2
2024-06-03 10:10:54,294.0,1,294.0,40,295.0,25,2
2024-06-03 10:11:01,294.5,1,294.0,41,294.5,13,1
2024-06-03 10:11:03,294.0,5,294.0,36,294.5,13,2
2024-06-03 10:11:06,294.0,33,293.5,65,294.0,17,2
2024-06-03 10:11:08,294.0,1,293.5,50,294.0,16,1
2024-06-03 10:11:11,294.0,4,293.5,50,294.0,20,1
2024-06-03 10:11:14,293.5,3,293.5,47,294.0,23,2
2024-06-03 10:11:15,293.5,2,293.5,45,294.0,23,2
2024-06-03 10:11:18,293.5,1,293.5,44,294.0,24,2
2024-06-03 10:11:21,293.5,1,293.5,42,294.0,25,2
2024-06-03 10:11:26,293.5,3,293.5,39,294.0,42,2
2024-06-03 10:11:26,293.5,1,293.5,38,294.0,42,2
2024-06-03 10:11:35,293.5,20,293.5,20,294.0,43,2
2024-06-03 10:11:40,293.5,1,293.5,20,294.0,43,2
2024-06-03 10:11:41,293.5,1,293.5,19,294.0,43,2
2024-06-03 10:11:45,293.5,8,293.5,11,294.0,43,2
2024-06-03 10:11:50,293.5,1,293.5,15,294.0,44,2
2024-06-03 10:11:50,293.5,2,293.5,13,294.0,44,2
2024-06-03 10:11:52,293.5,1,293.5,12,294.0,43,2
2024-06-03 10:11:56,293.5,3,293.5,10,294.0,43,2
2024-06-03 10:12:02,293.5,1,293.5,9,294.0,44,2
2024-06-03 10:12:04,293.5,2,293.5,8,294.0,44,2
2024-06-03 10:12:05,293.5,1,293.5,7,294.0,43,2
2024-06-03 10:12:05,293.5,1,293.5,11,294.0,43,2
2024-06-03 10:12:13,294.0,1,293.5,21,294.0,42,1
2024-06-03 10:12:28,294.0,40,293.5,40,294.0,2,1
2024-06-03 10:12:28,294.0,2,294.0,2,294.5,15,1
2024-06-03 10:12:28,294.5,6,294.0,2,294.5,15,1
2024-06-03 10:12:28,294.5,2,294.0,12,294.5,7,1
2024-06-03 10:12:29,294.5,1,294.0,14,294.5,6,1
2024-06-03 10:12:30,294.5,1,294.0,15,294.5,5,1
2024-06-03 10:12:31,294.5,1,294.0,15,294.5,4,1
2024-06-03 10:12:34,294.0,2,294.0,19,294.5,4,2
2024-06-03 10:12:35,294.0,1,294.0,27,294.5,4,2
2024-06-03 10:12:36,294.5,1,294.0,27,294.5,3,1
2024-06-03 10:12:37,294.5,2,294.0,30,294.5,1,1
2024-06-03 10:12:37,294.5,1,294.0,30,295.0,17,1
2024-06-03 10:12:50,295.0,4,294.5,6,295.0,14,1
2024-06-03 10:12:52,294.5,1,294.5,5,295.0,14,2
2024-06-03 10:12:54,295.0,1,294.5,5,295.0,13,1
2024-06-03 10:12:59,295.0,5,294.5,10,295.0,8,1
2024-06-03 10:12:59,295.0,1,294.5,11,295.0,8,1
2024-06-03 10:12:59,295.0,7,294.5,13,295.5,10,1
2024-06-03 10:13:19,295.0,1,295.0,13,295.5,11,2
2024-06-03 10:13:20,295.0,1,295.0,12,295.5,11,2
2024-06-03 10:13:34,295.0,1,295.0,11,295.5,14,2
2024-06-03 10:13:43,295.0,11,294.5,14,295.5,17,2
2024-06-03 10:13:44,294.5,2,294.5,10,295.0,9,2
2024-06-03 10:13:44,294.5,10,294.0,19,295.0,9,2
2024-06-03 10:14:05,294.5,1,294.0,20,294.5,9,1
2024-06-03 10:14:08,294.5,1,294.0,20,294.5,8,1
2024-06-03 10:14:15,294.5,1,294.0,21,294.5,7,1
2024-06-03 10:14:23,294.5,3,294.0,21,294.5,6,1
2024-06-03 10:14:33,294.5,1,294.0,21,294.5,9,1
2024-06-03 10:14:41,294.5,3,294.0,22,294.5,1,1
2024-06-03 10:14:43,294.5,1,294.0,22,295.0,14,1
2024-06-03 10:14:52,294.0,1,294.0,21,294.5,12,2
2024-06-03 10:14:52,294.0,6,294.0,21,294.5,12,2
2024-06-03 10:14:52,294.0,15,293.5,25,294.5,12,2
2024-06-03 10:14:53,294.0,1,293.5,25,294.0,5,1
2024-06-03 10:14:54,294.5,1,293.5,24,294.5,16,1
2024-06-03 10:15:00,293.5,3,293.5,21,294.5,16,2
2024-06-03 10:15:05,293.5,2,293.5,19,294.0,9,2
2024-06-03 10:15:23,293.5,1,293.5,23,294.0,12,2
2024-06-03 10:15:37,293.5,1,293.5,22,294.0,12,2
2024-06-03 10:15:38,294.0,12,294.0,18,294.5,23,1
2024-06-03 10:15:58,294.5,1,294.0,18,294.5,11,1
2024-06-03 10:16:01,294.5,3,294.0,19,294.5,8,1
2024-06-03 10:16:06,294.5,1,294.0,19,294.5,7,1
2024-06-03 10:16:20,294.5,6,294.0,21,295.0,13,1
2024-06-03 10:16:30,294.5,1,294.5,8,295.0,9,2
2024-06-03 10:16:43,294.5,1,294.5,9,295.0,10,2
2024-06-03 10:17:09,294.5,1,294.5,10,295.0,10,2
2024-06-03 10:17:12,294.5,1,294.5,8,295.0,10,2
2024-06-03 10:17:13,294.5,1,294.5,7,295.0,10,2
2024-06-03 10:17:17,295.0,10,294.5,7,296.0,20,1
2024-06-03 10:17:17,295.5,14,294.5,7,296.0,20,1
2024-06-03 10:17:17,296.0,1,294.5,7,296.0,20,1
2024-06-03 10:17:39,295.5,2,295.0,6,295.5,4,1
2024-06-03 10:17:45,295.5,1,295.0,6,295.5,3,1
2024-06-03 10:17:50,295.5,1,295.0,6,295.5,2,1
2024-06-03 10:17:50,295.5,1,295.0,6,295.5,1,1
2024-06-03 10:17:53,295.5,1,295.0,5,296.0,16,1
2024-06-03 10:17:53,295.0,4,294.5,12,295.0,16,2
2024-06-03 10:17:55,295.0,1,294.5,6,295.0,15,1
2024-06-03 10:18:02,294.5,4,294.0,25,294.5,16,2
2024-06-03 10:18:10,294.0,24,293.5,67,294.0,6,2
2024-06-03 10:18:13,294.0,2,293.5,64,294.0,4,1
2024-06-03 10:18:14,294.0,1,293.5,64,294.0,3,1
2024-06-03 10:18:21,294.0,1,293.5,64,294.0,2,1
2024-06-03 10:18:26,294.0,2,294.0,1,294.5,17,1
2024-06-03 10:18:40,294.0,1,294.0,4,294.5,20,2
2024-06-03 10:19:15,294.0,1,294.0,4,294.5,19,2
2024-06-03 10:19:21,294.0,1,294.0,8,294.5,18,2
2024-06-03 10:19:23,294.0,1,294.0,5,294.5,18,2
2024-06-03 10:19:44,294.0,5,294.0,1,294.5,18,2
2024-06-03 10:20:01,294.5,1,294.0,11,294.5,17,1
2024-06-03 10:20:12,294.5,17,294.5,3,295.0,16,1
2024-06-03 10:20:55,295.0,2,294.5,7,295.0,15,1
2024-06-03 10:21:03,294.5,1,294.5,6,295.0,15,2
2024-06-03 10:21:04,295.0,1,294.5,5,295.0,14,1
2024-06-03 10:21:09,295.0,1,294.5,6,295.0,13,1
2024-06-03 10:21:26,294.5,1,294.5,2,295.0,20,2
2024-06-03 10:21:36,294.5,1,294.5,1,295.0,20,2
2024-06-03 10:21:58,294.5,1,294.5,1,295.0,25,2
2024-06-03 10:22:31,294.5,4,294.5,4,295.0,26,2
2024-06-03 10:22:38,294.5,5,294.0,21,294.5,2,1
2024-06-03 10:22:40,294.0,1,294.0,20,295.0,28,2
2024-06-03 10:22:47,294.5,1,294.0,20,294.5,3,1
2024-06-03 10:22:53,294.5,1,294.0,21,294.5,2,1
2024-06-03 10:22:56,294.0,1,294.0,20,294.5,3,2
2024-06-03 10:23:05,294.5,1,294.0,20,294.5,2,1
2024-06-03 10:23:12,294.5,2,294.0,22,295.0,28,1
2024-06-03 10:23:14,294.5,1,294.0,23,295.0,26,1
2024-06-03 10:24:05,295.0,1,294.5,7,295.0,26,1
2024-06-03 10:24:08,295.0,1,294.5,7,295.0,25,1
2024-06-03 10:24:10,294.5,2,294.5,6,295.0,25,2
2024-06-03 10:24:37,294.5,1,294.5,6,295.0,25,2
2024-06-03 10:24:56,294.5,1,294.5,5,295.0,25,2
2024-06-03 10:25:49,295.0,1,294.5,8,295.0,24,1
2024-06-03 10:25:59,295.0,2,294.5,8,295.0,22,1
2024-06-03 10:26:03,295.0,3,294.5,5,295.0,19,1
2024-06-03 10:26:04,295.0,1,294.5,6,295.0,18,1
2024-06-03 10:26:21,295.0,5,294.5,6,295.0,13,1
2024-06-03 10:26:24,295.0,3,294.5,7,295.0,10,1
2024-06-03 10:26:25,295.0,1,294.5,7,295.0,9,1
2024-06-03 10:26:39,294.5,1,294.5,6,295.0,9,2
2024-06-03 10:26:45,295.0,1,294.5,5,295.0,9,1
2024-06-03 10:26:55,295.0,2,294.5,5,295.0,7,1
2024-06-03 10:27:53,295.0,1,294.5,7,295.0,6,1
2024-06-03 10:27:55,295.0,6,295.0,9,295.5,4,1
2024-06-03 10:28:05,295.5,1,295.0,10,295.5,3,1
2024-06-03 10:28:13,295.5,2,295.0,11,295.5,1,1
2024-06-03 10:28:14,295.5,1,295.0,11,296.0,17,1
2024-06-03 10:28:28,296.0,1,295.5,4,296.0,14,1
2024-06-03 10:28:37,296.0,4,295.5,9,296.0,10,1
2024-06-03 10:28:37,296.0,1,295.5,9,296.0,9,1
2024-06-03 10:28:37,296.0,2,295.5,9,296.0,7,1
2024-06-03 10:28:37,296.0,1,295.5,21,296.0,6,1
2024-06-03 10:28:37,296.0,4,295.5,21,296.0,2,1
2024-06-03 10:28:37,296.0,2,295.5,21,296.5,11,1
2024-06-03 10:28:38,296.5,6,296.0,6,296.5,5,1
2024-06-03 10:28:43,296.5,1,296.0,11,296.5,3,1
2024-06-03 10:28:43,296.5,3,296.0,11,296.5,3,1
2024-06-03 10:28:46,296.5,1,296.0,8,297.0,38,2
2024-06-03 10:28:48,296.5,1,296.5,1,297.0,37,2
2024-06-03 10:28:53,297.0,1,296.5,1,297.0,36,1
2024-06-03 10:28:56,297.0,1,296.5,1,297.0,35,1
2024-06-03 10:28:58,297.0,1,296.5,1,297.0,35,1
2024-06-03 10:28:59,297.0,2,296.5,2,297.0,33,1
2024-06-03 10:29:01,297.0,5,296.5,4,297.0,28,1
2024-06-03 10:29:07,297.0,5,296.5,6,297.0,23,1
2024-06-03 10:29:09,297.0,15,296.5,6,297.0,8,1
2024-06-03 10:29:10,297.0,5,296.5,7,297.0,3,1
2024-06-03 10:29:12,297.0,1,296.5,7,297.0,2,1
2024-06-03 10:29:13,297.0,1,296.5,7,297.0,1,1
2024-06-03 10:29:15,297.0,1,296.5,7,297.5,58,1
2024-06-03 10:29:17,297.0,1,297.0,1,297.5,58,2
2024-06-03 10:29:18,297.0,2,296.5,8,297.0,3,2
2024-06-03 10:29:22,297.0,1,296.5,5,297.0,2,1
2024-06-03 10:29:24,296.5,1,296.5,4,297.0,4,2
2024-06-03 10:29:26,297.0,1,296.5,4,297.0,3,1
2024-06-03 10:29:34,296.5,1,296.5,2,297.0,6,2
2024-06-03 10:29:37,296.5,1,296.5,1,297.0,9,2
2024-06-03 10:29:43,296.5,1,296.5,1,297.0,11,2
2024-06-03 10:29:52,297.0,7,296.5,4,297.0,6,1
2024-06-03 10:29:52,296.5,1,296.5,3,297.0,6,2
2024-06-03 10:29:56,296.5,2,296.5,2,297.0,9,2
2024-06-03 10:29:59,296.5,1,296.5,1,297.0,19,2
2024-06-03 10:29:59,296.5,1,296.0,7,297.0,19,2
2024-06-03 10:30:04,296.5,1,296.0,5,296.5,5,1
2024-06-03 10:30:22,296.5,2,296.0,5,296.5,3,1
2024-06-03 10:30:25,296.0,5,295.5,3,296.5,7,2
2024-06-03 10:30:30,296.5,1,295.5,2,296.5,11,1
2024-06-03 10:30:47,296.0,2,295.5,2,296.0,2,1
2024-06-03 10:31:04,296.0,1,296.0,2,296.5,7,2
2024-06-03 10:31:19,296.0,1,296.0,2,296.5,7,2
2024-06-03 10:31:42,296.0,1,296.0,3,296.5,7,2
2024-06-03 10:31:54,296.5,1,296.0,3,296.5,6,1
2024-06-03 10:32:01,296.5,1,296.0,4,296.5,5,1
2024-06-03 10:32:07,296.5,1,296.0,4,296.5,4,1
2024-06-03 10:32:19,296.5,1,296.0,4,296.5,3,1
2024-06-03 10:32:22,296.5,1,296.0,4,296.5,2,1
2024-06-03 10:32:25,296.5,1,296.0,4,296.5,2,1
2024-06-03 10:32:33,296.5,1,296.0,4,296.5,1,1
2024-06-03 10:32:42,296.5,1,296.0,4,297.0,36,1
2024-06-03 10:33:02,297.0,1,296.0,4,297.0,37,1
2024-06-03 10:33:20,297.0,1,296.0,4,297.0,39,1
2024-06-03 10:33:32,297.0,1,296.5,3,297.0,37,1
2024-06-03 10:33:51,296.5,3,296.5,3,297.0,40,2
2024-06-03 10:33:58,296.5,2,296.0,2,297.0,40,2
2024-06-03 10:34:08,296.0,1,296.0,2,296.5,6,2
2024-06-03 10:34:09,296.5,1,296.0,2,296.5,7,1
2024-06-03 10:34:21,296.0,1,296.0,1,296.5,15,2
2024-06-03 10:34:21,296.0,1,295.5,6,296.5,15,2
2024-06-03 10:34:34,296.0,1,295.5,6,296.5,19,2
2024-06-03 10:35:04,295.5,2,295.5,5,296.5,21,2
2024-06-03 10:35:11,295.5,1,295.5,4,296.0,1,2
2024-06-03 10:35:12,295.5,4,295.0,25,295.5,1,2
2024-06-03 10:35:19,295.5,1,295.0,25,296.0,7,1
2024-06-03 10:35:54,295.5,1,295.5,10,296.0,4,2
2024-06-03 10:36:05,295.5,1,295.5,9,296.0,4,2
2024-06-03 10:36:22,295.5,10,295.0,26,296.0,4,2
2024-06-03 10:37:43,295.5,1,295.0,39,296.0,7,2
2024-06-03 10:38:23,295.5,1,295.0,36,295.5,1,1
2024-06-03 10:38:35,295.5,1,295.0,39,296.0,8,1
2024-06-03 10:38:36,295.0,1,295.0,38,296.0,7,2
2024-06-03 10:39:37,295.0,1,295.0,38,295.5,3,2
2024-06-03 10:39:46,295.0,30,295.0,8,295.5,3,2
2024-06-03 10:39:46,295.0,8,294.5,13,295.5,8,2
2024-06-03 10:39:55,295.0,1,294.5,12,295.0,3,1
2024-06-03 10:40:10,294.5,1,294.5,11,295.0,2,2
2024-06-03 10:40:56,294.5,1,294.5,11,295.0,4,2
2024-06-03 10:40:57,294.5,1,294.5,10,295.0,4,2
2024-06-03 10:41:17,295.0,2,294.5,15,295.0,2,1
2024-06-03 10:41:25,295.0,1,294.5,15,295.5,10,1
2024-06-03 10:41:25,295.5,1,295.5,1,296.0,10,1
2024-06-03 10:42:31,295.5,1,295.5,1,296.0,8,2
2024-06-03 10:43:04,295.5,1,295.5,1,296.0,9,2
2024-06-03 10:43:08,295.5,1,295.0,5,295.5,1,2
2024-06-03 10:43:10,295.5,1,295.0,5,296.0,9,1
2024-06-03 10:43:26,295.0,3,294.5,21,295.0,7,2
2024-06-03 10:43:32,294.5,19,294.0,52,294.5,11,2
2024-06-03 10:44:30,294.5,1,294.0,40,294.5,10,1
2024-06-03 10:44:59,294.5,2,294.0,41,294.5,11,1
2024-06-03 10:44:59,294.5,2,294.0,41,294.5,11,1
2024-06-03 10:44:59,294.5,2,294.0,41,294.5,11,1
2024-06-03 10:44:59,294.5,7,294.0,41,294.5,11,1
2024-06-03 10:44:59,295.0,2,294.5,2,295.0,8,1
2024-06-03 10:45:12,295.0,1,294.0,44,295.0,5,1
2024-06-03 10:46:00,294.5,1,294.0,40,295.0,14,2
2024-06-03 10:46:12,294.5,1,294.0,40,295.0,13,1
2024-06-03 10:46:59,294.5,1,294.0,41,295.0,11,2
2024-06-03 10:47:15,295.0,1,294.0,40,295.0,12,1
2024-06-03 10:49:40,294.5,2,294.0,38,295.0,18,2
2024-06-03 10:49:40,294.0,2,294.0,38,295.0,18,2
2024-06-03 10:50:05,294.0,1,294.0,36,294.5,7,2
2024-06-03 10:50:20,294.0,1,294.0,41,294.5,11,2
2024-06-03 10:50:24,294.5,3,294.5,7,295.0,19,1
2024-06-03 10:52:01,294.5,1,294.5,7,295.0,16,2
2024-06-03 10:52:28,294.5,2,294.5,5,295.0,18,2
2024-06-03 10:53:06,294.5,1,294.5,4,295.0,18,2
2024-06-03 10:54:48,294.5,2,294.5,16,295.0,18,2
2024-06-03 10:55:15,294.5,16,294.0,42,294.5,4,2
2024-06-03 10:55:15,294.5,1,294.0,42,294.5,3,1
2024-06-03 10:55:33,294.5,1,294.0,42,294.5,2,1
2024-06-03 10:56:54,294.0,1,294.0,40,294.5,15,2
2024-06-03 10:56:55,294.5,10,294.0,40,294.5,6,1
2024-06-03 10:57:14,294.5,1,294.5,41,295.0,18,2
2024-06-03 10:58:05,295.0,1,294.5,40,295.0,18,1
2024-06-03 10:58:10,295.0,1,294.5,41,295.0,16,1
2024-06-03 10:58:24,295.0,1,294.5,41,295.0,13,1
2024-06-03 10:58:36,295.0,10,294.5,41,295.0,3,1
2024-06-03 10:58:39,295.0,1,294.5,42,295.0,2,1
2024-06-03 10:58:46,295.0,2,295.0,1,295.5,17,1
2024-06-03 10:59:55,295.5,10,295.0,31,295.5,6,1
2024-06-03 10:59:57,295.5,3,295.0,33,295.5,3,1
2024-06-03 10:59:57,295.5,1,295.0,33,296.0,8,1
2024-06-03 10:59:57,295.5,2,295.0,33,296.0,8,1
2024-06-03 11:00:32,295.5,1,295.0,33,296.0,16,2
2024-06-03 11:00:37,295.5,1,295.0,31,296.0,16,2
2024-06-03 11:01:15,295.5,1,295.0,33,296.0,19,2
2024-06-03 11:01:21,296.0,10,295.0,33,296.0,11,1
2024-06-03 11:01:21,296.0,6,296.0,9,296.5,39,1
2024-06-03 11:01:49,296.5,9,296.0,1,296.5,30,1
2024-06-03 11:01:56,296.5,1,296.0,2,296.5,21,1
2024-06-03 11:01:57,296.0,1,296.0,1,296.5,21,2
2024-06-03 11:02:03,296.5,1,296.0,1,296.5,20,1
2024-06-03 11:02:07,296.5,1,296.0,1,296.5,19,1
2024-06-03 11:02:46,296.0,1,296.0,1,296.5,27,2
2024-06-03 11:02:54,296.0,1,295.5,9,296.5,27,2
2024-06-03 11:03:08,295.5,1,295.5,2,296.0,18,2
2024-06-03 11:03:32,295.5,2,295.0,36,296.0,19,2
2024-06-03 11:03:53,295.5,1,295.0,32,295.5,9,1
2024-06-03 11:04:29,295.5,3,295.0,32,295.5,8,1
2024-06-03 11:04:50,295.0,1,295.0,31,295.5,12,2
2024-06-03 11:05:41,295.0,1,295.0,30,295.5,15,2
2024-06-03 11:05:50,295.0,2,295.0,28,295.5,15,2
2024-06-03 11:05:56,295.0,13,295.0,29,295.5,15,2
2024-06-03 11:05:56,295.0,4,295.0,12,295.5,18,2
2024-06-03 11:05:56,295.0,12,294.5,43,295.5,21,2
2024-06-03 11:07:22,294.5,1,294.5,42,295.0,5,2
2024-06-03 11:07:38,294.5,1,294.5,41,295.0,7,2
2024-06-03 11:07:45,294.5,1,294.5,40,295.0,8,2
2024-06-03 11:08:23,295.0,1,294.5,47,295.0,6,1
2024-06-03 11:08:28,295.0,1,294.5,47,295.0,9,1
2024-06-03 11:08:47,295.0,5,294.5,47,295.0,4,1
2024-06-03 11:08:51,295.0,1,294.5,48,295.0,3,1
2024-06-03 11:09:02,295.0,3,295.0,2,295.5,24,1
2024-06-03 11:09:02,295.0,2,294.5,49,295.5,20,2
2024-06-03 11:09:07,295.0,1,295.0,2,295.5,25,2
2024-06-03 11:09:07,295.0,2,294.5,48,295.5,25,2
2024-06-03 11:09:32,295.0,1,294.5,48,295.5,26,2
2024-06-03 11:09:49,295.0,2,294.5,48,295.5,25,1
2024-06-03 11:10:00,295.0,1,294.5,48,295.5,27,2
2024-06-03 11:10:22,295.0,5,294.5,50,295.5,27,2
2024-06-03 11:10:32,294.5,4,294.5,46,295.0,25,2
2024-06-03 11:10:32,294.5,3,294.5,46,295.0,25,2
2024-06-03 11:10:32,294.5,43,294.0,49,295.0,26,2
2024-06-03 11:10:33,294.0,1,294.0,48,294.5,15,2
2024-06-03 11:10:34,294.0,3,294.0,45,294.5,15,2
2024-06-03 11:10:45,294.0,1,294.0,44,294.5,16,2
2024-06-03 11:10:54,294.0,1,294.0,42,294.5,16,2
2024-06-03 11:11:01,294.5,4,294.0,42,294.5,14,1
2024-06-03 11:12:14,294.0,5,294.0,39,294.5,16,2
2024-06-03 11:12:19,294.5,3,294.0,39,294.5,13,1
2024-06-03 11:12:55,294.5,4,294.0,38,294.5,7,1
2024-06-03 11:13:09,294.5,1,294.0,38,294.5,6,1
2024-06-03 11:13:25,294.0,1,294.0,38,294.5,14,2
2024-06-03 11:15:51,294.0,43,293.5,74,294.0,7,2
2024-06-03 11:15:58,294.0,1,293.5,72,294.0,11,1
2024-06-03 11:15:59,293.5,1,293.5,71,294.0,11,2
2024-06-03 11:16:06,294.0,11,294.0,9,294.5,12,1
2024-06-03 11:16:08,294.0,1,294.0,8,294.5,5,2
2024-06-03 11:16:27,294.0,1,294.0,7,294.5,7,2
2024-06-03 11:17:20,294.0,13,293.5,71,294.0,2,2
2024-06-03 11:17:48,294.0,1,293.5,72,294.0,1,1
2024-06-03 11:17:48,294.0,1,293.5,72,294.5,11,1
2024-06-03 11:18:10,293.5,1,293.5,71,294.0,1,2
2024-06-03 11:18:25,293.5,1,293.5,70,294.0,35,2
2024-06-03 11:18:58,293.5,1,293.5,70,294.0,37,2
2024-06-03 11:19:02,293.5,3,293.5,67,294.0,38,2
2024-06-03 11:19:03,293.5,1,293.5,66,294.0,38,2
2024-06-03 11:19:22,293.5,1,293.5,64,294.0,39,2
2024-06-03 11:19:51,293.5,4,293.5,59,294.0,39,2
2024-06-03 11:19:54,293.5,26,293.5,33,294.0,41,2
2024-06-03 11:19:55,293.5,1,293.5,31,294.0,41,2
2024-06-03 11:19:55,293.5,28,293.5,3,294.0,41,2
2024-06-03 11:19:55,293.5,3,293.0,73,294.0,41,2
2024-06-03 11:20:10,293.0,1,293.0,74,293.5,10,2
2024-06-03 11:20:10,293.0,1,293.0,73,293.5,10,2
2024-06-03 11:20:10,293.0,4,293.0,69,293.5,10,2
2024-06-03 11:20:14,293.0,70,292.5,53,293.0,10,2
2024-06-03 11:20:20,292.5,1,292.5,51,293.0,14,2
2024-06-03 11:20:22,292.5,1,292.5,50,293.0,14,2
2024-06-03 11:20:25,292.5,1,292.5,48,293.0,15,2
2024-06-03 11:20:26,292.5,1,292.5,47,293.0,14,2
2024-06-03 11:20:28,292.5,10,292.5,37,293.0,14,2
2024-06-03 11:20:29,292.5,1,292.5,36,293.0,14,2
2024-06-03 11:20:32,292.5,3,292.5,33,293.0,16,2
2024-06-03 11:20:33,292.5,1,292.5,32,293.0,16,2
2024-06-03 11:20:34,292.5,6,292.5,28,293.0,16,2
2024-06-03 11:20:34,292.5,1,292.5,27,293.0,16,2
2024-06-03 11:20:36,292.5,3,292.5,25,293.0,16,2
2024-06-03 11:20:39,292.5,6,292.5,19,293.0,17,2
2024-06-03 11:20:40,292.5,19,292.0,46,292.5,1,2
2024-06-03 11:20:40,292.0,2,292.0,34,292.5,1,2
2024-06-03 11:20:47,292.0,1,292.0,33,292.5,4,2
2024-06-03 11:20:48,292.5,1,292.0,33,292.5,3,1
2024-06-03 11:20:59,292.5,1,292.0,34,293.0,18,2
2024-06-03 11:21:09,292.5,2,292.0,37,293.0,15,1
2024-06-03 11:21:17,292.5,3,292.0,36,293.0,21,2
2024-06-03 11:21:45,292.5,1,292.5,4,293.0,19,2
2024-06-03 11:21:49,292.5,3,292.0,38,292.5,2,2
2024-06-03 11:22:19,292.5,1,292.0,37,292.5,5,1
2024-06-03 11:22:37,292.5,6,292.0,39,292.5,1,1
2024-06-03 11:22:38,292.5,1,292.0,39,293.0,19,1
2024-06-03 11:22:42,292.5,1,292.5,3,293.0,19,2
2024-06-03 11:22:59,292.5,3,292.5,23,293.0,19,2
2024-06-03 11:23:19,292.5,23,292.0,36,292.5,9,2
2024-06-03 11:23:21,292.5,11,292.0,35,293.0,15,1
2024-06-03 11:23:21,293.0,4,292.0,35,293.0,15,1
2024-06-03 11:23:37,293.0,13,292.5,8,293.0,2,1
2024-06-03 11:23:37,293.0,2,292.5,8,293.5,3,1
2024-06-03 11:23:42,293.0,3,293.0,2,293.5,2,1
2024-06-03 11:23:56,293.0,1,293.0,3,293.5,4,2
2024-06-03 11:24:48,293.0,1,293.0,6,293.5,5,2
2024-06-03 11:24:55,293.5,3,293.0,6,293.5,2,1
2024-06-03 11:25:17,293.5,3,293.0,10,294.0,32,1
2024-06-03 11:25:25,293.5,1,293.0,6,294.0,36,1
2024-06-03 11:25:37,293.5,1,293.0,4,294.0,36,1
2024-06-03 11:26:42,293.0,2,293.0,4,294.0,39,2
2024-06-03 11:26:47,293.0,4,292.5,15,293.5,12,2
2024-06-03 11:27:28,293.0,10,292.5,11,293.5,20,1
2024-06-03 11:28:34,293.5,6,293.0,5,293.5,3,1
2024-06-03 11:28:54,293.5,2,293.0,6,293.5,4,1
2024-06-03 11:29:18,293.0,2,293.0,3,293.5,9,2
2024-06-03 11:29:18,293.0,3,292.5,11,293.5,9,2
2024-06-03 11:30:29,292.5,1,292.5,9,293.5,16,2
2024-06-03 11:30:56,293.0,1,292.5,14,293.0,7,1
2024-06-03 11:32:16,292.5,1,292.5,18,293.0,10,2
2024-06-03 11:32:16,292.5,18,292.5,18,293.0,10,2
2024-06-03 11:32:21,292.0,33,291.5,13,293.0,20,2
2024-06-03 11:32:21,292.0,4,291.5,13,293.0,20,2
2024-06-03 11:32:27,291.5,12,291.0,12,292.0,2,2
2024-06-03 11:32:27,291.0,1,291.0,10,292.0,6,2
2024-06-03 11:32:37,291.0,1,291.0,9,291.5,4,2
2024-06-03 11:32:38,291.0,1,291.0,8,291.5,4,2
2024-06-03 11:32:45,291.0,1,291.0,26,291.5,10,2
2024-06-03 11:32:45,291.0,10,291.0,26,291.5,10,2
2024-06-03 11:32:51,291.0,2,291.0,14,291.5,11,2
2024-06-03 11:32:59,291.0,1,291.0,13,291.5,11,2
2024-06-03 11:33:15,291.5,1,291.0,15,291.5,7,1
2024-06-03 11:33:18,291.5,2,291.0,17,291.5,5,1
2024-06-03 11:33:18,291.5,3,291.0,17,291.5,2,1
2024-06-03 11:33:21,291.5,1,291.0,19,292.0,9,1
2024-06-03 11:33:42,291.5,3,291.0,21,291.5,17,2
2024-06-03 11:33:44,291.5,1,291.0,20,291.5,16,1
2024-06-03 11:33:47,291.0,1,291.0,19,291.5,16,2
2024-06-03 11:33:56,291.0,4,291.0,16,291.5,16,2
2024-06-03 11:33:59,291.0,1,291.0,11,291.5,19,2
2024-06-03 11:34:02,291.0,5,291.0,6,291.5,19,2
2024-06-03 11:34:03,291.0,1,291.0,5,291.5,19,2
2024-06-03 11:34:07,291.0,1,291.0,4,291.5,19,2
2024-06-03 11:34:09,291.0,1,291.0,3,291.5,19,2
2024-06-03 11:34:19,291.0,1,291.0,4,291.5,21,2
2024-06-03 11:34:23,291.0,1,291.0,3,291.5,21,2
2024-06-03 11:34:32,291.0,3,290.5,35,291.0,1,2
2024-06-03 11:34:49,290.5,34,290.0,38,290.5,6,2
2024-06-03 11:34:52,290.5,1,290.0,37,290.5,5,1
2024-06-03 11:34:55,290.5,1,290.0,37,290.5,4,1
2024-06-03 11:34:56,290.5,1,290.0,37,290.5,3,1
2024-06-03 11:35:13,290.5,2,290.0,29,290.5,9,1
2024-06-03 11:35:14,290.5,5,290.0,29,290.5,4,1
2024-06-03 11:35:15,290.5,2,290.0,29,290.5,2,1
2024-06-03 11:35:15,290.5,1,290.0,29,290.5,1,1
2024-06-03 11:35:18,290.5,1,290.5,4,291.0,18,1
2024-06-03 11:35:23,290.5,4,290.0,30,291.0,21,2
2024-06-03 11:36:01,290.5,1,290.5,8,291.0,21,2
2024-06-03 11:36:16,290.5,1,290.5,4,291.0,22,2
2024-06-03 11:36:46,290.5,2,290.5,4,291.0,23,2
2024-06-03 11:37:17,290.5,1,290.5,33,291.0,23,2
2024-06-03 11:38:42,291.0,23,290.5,43,291.5,18,1
2024-06-03 11:38:58,291.5,10,291.0,10,291.5,8,1
2024-06-03 11:38:59,291.5,1,291.0,10,291.5,7,1
2024-06-03 11:39:01,291.5,1,291.0,10,291.5,6,1
2024-06-03 11:39:05,291.0,1,291.0,10,291.5,6,2
2024-06-03 11:39:30,291.5,1,291.0,13,291.5,5,1
2024-06-03 11:39:30,291.5,4,291.0,13,291.5,1,1
2024-06-03 11:39:33,291.5,1,291.0,13,292.0,8,1
2024-06-03 11:39:39,291.5,1,291.0,14,292.0,19,2
2024-06-03 11:39:58,292.0,1,291.0,16,292.0,18,1
2024-06-03 11:40:11,291.5,1,291.0,16,292.0,16,2
2024-06-03 11:40:27,292.0,1,291.5,3,292.0,15,1
2024-06-03 11:40:29,291.5,3,291.0,16,292.0,16,2
2024-06-03 11:41:11,291.5,2,291.0,15,291.5,2,2
2024-06-03 11:44:10,291.5,1,291.0,17,291.5,10,1
2024-06-03 11:44:11,291.5,2,291.0,15,291.5,8,1
2024-06-03 11:44:21,291.5,1,291.0,15,291.5,7,1
2024-06-03 11:44:39,291.5,1,291.0,14,291.5,6,1
2024-06-03 11:44:40,291.5,1,291.0,14,291.5,13,1
2024-06-03 11:45:12,291.5,15,291.5,5,292.0,20,1
2024-06-03 11:45:12,291.5,4,291.5,1,292.0,20,2
2024-06-03 11:45:12,291.5,1,291.0,14,292.0,20,2
2024-06-03 11:45:18,292.0,25,292.0,5,292.5,9,1
2024-06-03 11:45:18,292.0,5,291.0,14,292.5,9,2
2024-06-03 11:46:15,291.0,19,290.5,44,292.0,29,2
2024-06-03 11:46:19,291.0,2,290.5,41,291.5,12,2
2024-06-03 11:46:20,291.0,2,290.5,41,291.5,12,2
2024-06-03 11:46:24,291.0,1,291.0,2,291.5,14,2
2024-06-03 11:46:25,291.0,1,291.0,1,291.5,14,2
2024-06-03 11:46:45,291.0,2,291.0,4,291.5,19,2
2024-06-03 11:46:50,291.0,4,290.5,42,291.0,6,2
2024-06-03 11:46:54,291.0,3,290.5,42,291.0,5,1
2024-06-03 11:46:57,291.0,2,290.5,42,291.0,3,1
2024-06-03 11:47:04,291.0,3,290.5,42,291.0,1,1
2024-06-03 11:47:05,291.0,1,290.5,43,291.5,10,1
2024-06-03 11:47:12,291.5,1,291.0,2,291.5,7,1
2024-06-03 11:48:11,291.0,1,291.0,4,291.5,5,2
2024-06-03 11:49:05,291.0,1,291.0,4,291.5,10,2
2024-06-03 11:49:25,291.0,1,291.0,3,291.5,10,2
2024-06-03 11:49:47,291.5,1,291.0,3,291.5,9,1
2024-06-03 11:49:57,291.5,1,291.0,3,291.5,5,1
2024-06-03 11:50:31,291.0,1,291.0,4,291.5,4,2
2024-06-03 11:50:38,291.5,4,291.5,1,292.0,9,1
2024-06-03 11:50:38,291.5,1,291.5,1,292.0,8,2
2024-06-03 11:51:04,291.5,1,291.0,5,291.5,4,1
2024-06-03 11:53:08,291.0,8,290.5,45,291.0,2,2
2024-06-03 11:53:08,291.0,1,290.5,45,291.0,1,1
2024-06-03 11:53:35,291.0,1,290.5,46,291.5,10,1
2024-06-03 11:53:40,291.0,1,290.5,46,291.5,11,2
2024-06-03 11:54:45,291.0,1,290.5,45,291.5,11,1
2024-06-03 11:55:03,291.0,1,291.0,4,291.5,11,2
2024-06-03 11:55:44,291.5,2,291.0,5,291.5,9,1
2024-06-03 11:58:36,291.5,1,291.0,8,291.5,6,1
2024-06-03 11:59:06,291.5,1,291.0,9,291.5,5,1
2024-06-03 11:59:19,291.5,1,291.0,10,291.5,5,1
2024-06-03 11:59:26,291.5,1,291.0,11,291.5,4,1
2024-06-03 11:59:26,291.5,1,291.0,11,291.5,3,1
2024-06-03 12:00:02,291.0,1,291.0,15,291.5,5,2
2024-06-03 12:00:32,291.0,1,291.0,12,291.5,5,2
2024-06-03 12:00:39,291.0,2,291.0,10,291.5,5,2
2024-06-03 12:00:46,291.0,1,291.0,5,291.5,8,2
2024-06-03 12:00:47,291.0,3,291.0,2,291.5,8,2
2024-06-03 12:00:47,291.0,2,290.5,45,291.5,10,2
2024-06-03 12:01:02,291.0,2,291.0,3,291.5,13,2
2024-06-03 12:01:02,291.0,3,290.5,45,291.5,13,2
2024-06-03 12:01:32,290.5,1,290.5,44,291.5,13,2
2024-06-03 12:01:53,290.5,1,290.5,43,291.5,14,2
2024-06-03 12:02:55,291.0,1,290.5,44,291.5,14,2
2024-06-03 12:05:03,291.0,1,290.5,43,291.0,6,1
2024-06-03 12:05:05,291.0,1,290.5,43,291.0,5,1
2024-06-03 12:05:20,291.0,1,290.5,43,291.0,6,1
2024-06-03 12:05:59,290.5,1,290.5,42,291.0,8,2
2024-06-03 12:06:01,291.0,1,290.5,42,291.0,7,1
2024-06-03 12:06:05,290.5,1,290.5,41,291.0,6,2
2024-06-03 12:06:24,290.5,2,290.5,39,291.0,5,2
2024-06-03 12:06:27,291.0,5,291.0,5,291.5,13,1
2024-06-03 12:08:07,291.5,5,291.0,1,291.5,7,1
2024-06-03 12:08:43,291.0,1,291.0,3,291.5,8,2
2024-06-03 12:08:43,291.0,3,291.0,3,291.5,8,2
2024-06-03 12:10:15,291.5,1,290.5,42,291.5,11,1
2024-06-03 12:10:21,291.5,2,290.5,42,291.5,9,1
2024-06-03 12:11:51,291.0,2,291.0,2,291.5,11,2
2024-06-03 12:12:14,291.0,1,291.0,1,291.5,15,2
2024-06-03 12:12:14,291.0,1,291.0,1,291.5,15,2
2024-06-03 12:12:33,291.0,1,290.5,43,291.0,11,1
2024-06-03 12:14:16,290.5,1,290.5,44,291.0,13,2
2024-06-03 12:14:16,290.5,34,290.0,40,291.0,13,2
2024-06-03 12:14:16,290.5,2,290.0,40,291.0,13,2
2024-06-03 12:14:16,290.5,7,290.0,40,291.0,13,2
2024-06-03 12:14:16,290.0,33,290.0,40,291.0,13,2
2024-06-03 12:14:16,290.0,7,290.0,40,291.0,13,2
2024-06-03 12:14:16,289.5,6,290.0,40,291.0,13,2
2024-06-03 12:14:20,289.5,1,289.0,23,290.0,8,1
2024-06-03 12:14:27,289.5,2,289.0,23,290.0,8,1
2024-06-03 12:14:41,289.5,1,289.0,24,290.0,10,1
2024-06-03 12:14:46,289.5,2,289.0,24,290.0,11,2
2024-06-03 12:14:49,289.0,21,289.0,2,289.5,1,2
2024-06-03 12:14:49,289.0,2,288.5,21,289.5,1,2
2024-06-03 12:14:56,289.0,1,289.0,1,289.5,8,2
2024-06-03 12:15:02,289.0,1,289.0,1,289.5,8,2
2024-06-03 12:15:04,289.0,1,288.5,23,289.5,8,2
2024-06-03 12:15:04,289.0,1,288.5,23,289.5,8,1
2024-06-03 12:15:12,289.5,5,289.5,5,290.0,12,1
2024-06-03 12:15:18,289.5,1,289.5,4,290.0,11,2
2024-06-03 12:15:23,290.0,1,289.5,4,290.0,8,1
2024-06-03 12:15:28,289.5,20,289.5,4,290.0,10,2
2024-06-03 12:15:28,289.5,4,289.5,24,290.0,10,2
2024-06-03 12:15:46,289.0,2,289.0,9,290.0,7,2
2024-06-03 12:15:48,289.5,1,289.0,9,290.0,11,2
2024-06-03 12:16:09,289.5,1,289.0,10,289.5,7,1
2024-06-03 12:16:09,289.0,2,289.0,8,289.5,7,2
2024-06-03 12:16:14,289.0,8,288.5,26,289.0,2,2
2024-06-03 12:16:27,289.0,1,288.5,23,289.0,4,1
2024-06-03 12:16:37,288.5,1,288.5,20,289.0,6,2
2024-06-03 12:16:42,288.5,18,288.0,66,288.5,2,2
2024-06-03 12:16:42,288.5,2,288.0,66,289.0,6,1
2024-06-03 12:16:42,289.0,2,288.0,70,289.0,6,1
2024-06-03 12:16:44,288.5,1,288.5,5,289.0,6,2
2024-06-03 12:17:06,288.5,1,288.5,9,289.0,5,2
2024-06-03 12:17:10,288.5,1,288.5,8,289.0,5,2
2024-06-03 12:17:13,289.0,5,288.5,13,289.5,3,1
2024-06-03 12:17:13,289.5,3,289.5,1,290.0,8,1
2024-06-03 12:17:14,289.5,2,289.5,2,290.0,7,2
2024-06-03 12:17:25,290.0,1,289.5,2,290.0,7,1
2024-06-03 12:18:12,290.0,6,289.5,3,290.0,3,1
2024-06-03 12:18:19,289.5,1,289.5,3,290.0,3,2
2024-06-03 12:21:40,290.0,4,289.5,13,290.0,1,1
2024-06-03 12:21:40,290.0,1,289.5,13,290.5,2,1
2024-06-03 12:21:58,290.5,3,290.0,2,291.0,13,1
2024-06-03 12:22:54,290.5,1,290.0,4,291.0,9,2
2024-06-03 12:23:28,290.0,6,289.5,25,290.0,14,2
2024-06-03 12:23:28,290.0,4,289.5,25,290.0,10,1
2024-06-03 12:25:42,289.5,1,289.5,12,290.0,19,2
2024-06-03 12:26:56,289.5,2,289.5,14,290.0,19,2
2024-06-03 12:28:02,289.5,1,289.5,14,290.0,18,2
2024-06-03 12:28:08,290.0,1,289.5,14,290.0,18,1
2024-06-03 12:28:42,289.5,1,289.5,13,290.0,17,2
2024-06-03 12:28:45,290.0,5,289.5,13,290.0,13,1
2024-06-03 12:29:05,290.0,10,289.5,14,290.0,3,1
2024-06-03 12:29:21,290.0,1,289.5,16,290.0,2,1
2024-06-03 12:29:24,290.0,1,289.5,15,290.0,1,1
2024-06-03 12:29:32,290.0,1,289.5,13,290.5,8,1
2024-06-03 12:30:20,290.0,3,289.5,26,290.5,12,2
2024-06-03 12:30:26,290.0,1,289.5,26,290.5,12,2
2024-06-03 12:30:40,290.0,1,289.5,26,290.5,13,2
2024-06-03 12:31:03,290.0,1,289.5,25,290.5,13,2
2024-06-03 12:32:59,290.0,2,290.0,3,290.5,13,2
2024-06-03 12:33:34,290.0,1,290.0,5,290.5,17,2
2024-06-03 12:33:50,290.5,10,290.0,5,290.5,3,1
2024-06-03 12:36:37,290.5,1,290.0,9,290.5,5,1
2024-06-03 12:36:42,290.5,1,290.0,11,290.5,5,1
2024-06-03 12:36:53,290.5,1,290.0,12,290.5,4,1
2024-06-03 12:36:55,290.5,1,290.0,12,290.5,3,1
2024-06-03 12:37:11,290.0,1,290.0,10,290.5,5,2
2024-06-03 12:37:12,290.5,1,290.0,10,290.5,4,1
2024-06-03 12:37:57,290.5,5,290.0,12,290.5,1,1
2024-06-03 12:37:57,290.5,1,290.0,13,290.5,1,1
2024-06-03 12:38:38,290.5,1,290.0,13,291.0,29,2
2024-06-03 12:39:39,290.0,1,290.0,11,290.5,3,2
2024-06-03 12:39:49,290.5,1,290.0,11,290.5,2,1
2024-06-03 12:40:01,290.5,2,290.0,11,291.0,29,1
2024-06-03 12:40:59,290.5,1,290.5,3,291.0,30,2
2024-06-03 12:42:11,290.5,1,290.5,4,291.0,31,2
2024-06-03 12:42:19,290.5,1,290.5,8,291.0,29,2
2024-06-03 12:43:03,290.5,1,290.5,7,291.0,31,2
2024-06-03 12:43:09,290.5,1,290.5,6,291.0,31,2
2024-06-03 12:47:08,290.5,5,290.5,13,291.0,25,2
2024-06-03 12:47:34,291.0,5,290.5,14,291.0,20,1
2024-06-03 12:47:40,291.0,22,291.0,13,291.5,14,1
2024-06-03 12:47:40,291.5,8,291.0,15,291.5,6,1
2024-06-03 12:47:40,291.5,6,291.0,15,292.0,18,1
2024-06-03 12:47:40,292.0,1,291.0,16,292.0,18,1
2024-06-03 12:47:40,292.0,1,291.0,16,292.0,18,1
2024-06-03 12:47:40,292.0,1,291.5,1,292.0,13,1
2024-06-03 12:47:41,292.0,1,291.5,3,292.0,12,1
2024-06-03 12:47:41,292.0,3,291.5,3,292.0,9,1
2024-06-03 12:47:58,291.5,1,291.5,5,292.0,10,2
2024-06-03 12:48:54,292.0,15,292.0,5,292.5,18,1
2024-06-03 12:49:35,292.0,1,292.0,6,292.5,18,2
2024-06-03 12:49:36,292.0,3,292.0,3,292.5,19,2
2024-06-03 12:49:39,292.0,1,292.0,2,292.5,20,2
2024-06-03 12:49:46,292.0,1,291.5,7,292.5,20,2
2024-06-03 12:49:49,292.0,1,291.5,6,292.5,20,1
2024-06-03 12:50:06,292.0,1,291.5,6,292.0,4,1
2024-06-03 12:50:26,292.0,1,291.5,5,292.0,3,1
2024-06-03 12:50:43,292.0,1,291.5,5,292.0,3,1
2024-06-03 12:50:53,292.0,1,291.5,5,292.0,5,1
2024-06-03 12:50:59,292.0,1,291.5,5,292.0,5,1
2024-06-03 12:51:03,292.0,1,291.5,7,292.0,4,1
2024-06-03 12:51:08,292.0,1,291.5,8,292.0,3,1
2024-06-03 12:51:59,292.0,1,291.5,6,292.0,5,1
2024-06-03 12:52:04,292.0,1,291.5,6,292.0,4,1
2024-06-03 12:53:08,292.0,1,291.5,10,292.0,3,1
2024-06-03 12:54:26,292.0,1,291.5,20,292.0,5,1
2024-06-03 12:55:34,291.5,5,291.5,6,292.0,7,2
2024-06-03 12:56:21,291.5,1,291.5,5,292.0,13,2
2024-06-03 12:56:38,291.5,1,291.5,4,292.0,26,2
2024-06-03 12:56:52,291.5,5,291.0,33,291.5,6,2
2024-06-03 12:59:57,291.0,27,290.5,31,291.0,3,2
2024-06-03 13:00:44,290.5,1,290.5,21,291.0,8,2
2024-06-03 13:00:55,290.5,1,290.5,20,291.0,9,2
2024-06-03 13:00:57,290.5,1,290.5,19,291.0,8,2
2024-06-03 13:01:19,290.5,1,290.5,18,291.0,9,2
2024-06-03 13:02:38,290.5,1,290.5,21,291.0,12,2
2024-06-03 13:02:56,290.5,1,290.5,25,291.0,11,2
2024-06-03 13:03:20,291.0,1,290.5,30,291.0,11,1
2024-06-03 13:03:27,291.0,1,290.5,31,291.0,10,1
2024-06-03 13:03:29,291.0,5,290.5,31,291.0,5,1
2024-06-03 13:03:29,291.0,1,290.5,30,291.0,4,1
2024-06-03 13:03:29,291.0,1,290.5,30,291.0,3,1
2024-06-03 13:03:34,291.0,1,290.5,31,291.5,11,1
2024-06-03 13:04:59,291.5,1,291.0,35,291.5,11,1
2024-06-03 13:05:07,291.5,1,291.0,35,291.5,10,1
2024-06-03 13:05:09,291.5,5,291.0,35,291.5,5,1
2024-06-03 13:05:16,291.5,3,291.0,35,291.5,2,1
2024-06-03 13:05:16,291.5,1,291.0,35,291.5,1,1
2024-06-03 13:05:16,291.5,1,291.0,35,292.0,38,1
2024-06-03 13:06:19,292.0,1,291.5,25,292.0,39,1
2024-06-03 13:06:46,292.0,8,291.5,26,292.0,30,1
2024-06-03 13:06:47,292.0,1,291.5,26,292.0,30,1
2024-06-03 13:07:15,292.0,2,291.5,25,292.0,32,1
2024-06-03 13:07:23,292.0,1,291.5,27,292.0,31,1
2024-06-03 13:07:25,292.0,5,291.5,27,292.0,26,1
2024-06-03 13:07:25,292.0,2,291.5,27,292.0,24,1
2024-06-03 13:07:32,292.0,1,291.5,27,292.0,23,1
2024-06-03 13:07:47,292.0,1,291.5,28,292.0,23,1
2024-06-03 13:08:07,292.0,25,291.5,28,292.0,25,1
2024-06-03 13:08:07,292.5,2,292.0,76,292.5,51,1
2024-06-03 13:08:07,292.5,3,292.0,77,292.5,50,1
2024-06-03 13:08:12,292.5,3,292.0,77,292.5,47,1
2024-06-03 13:08:23,292.5,1,292.0,77,292.5,47,1
2024-06-03 13:08:23,292.5,1,292.0,77,292.5,46,1
2024-06-03 13:08:27,292.5,1,292.0,77,292.5,46,1
2024-06-03 13:08:33,292.5,1,292.0,79,292.5,45,1
2024-06-03 13:08:34,292.5,2,292.0,79,292.5,43,1
2024-06-03 13:08:37,292.5,1,292.0,78,292.5,46,1
2024-06-03 13:08:41,292.5,2,292.0,78,292.5,44,1
2024-06-03 13:08:41,292.5,1,292.0,78,292.5,43,1
2024-06-03 13:08:42,292.5,1,292.0,79,292.5,42,1
2024-06-03 13:08:43,292.5,1,292.0,79,292.5,41,1
2024-06-03 13:08:47,292.5,1,292.0,79,292.5,41,1
2024-06-03 13:08:47,292.5,2,292.0,79,292.5,39,1
2024-06-03 13:08:57,292.5,1,292.0,91,292.5,40,1
2024-06-03 13:09:10,292.5,1,292.0,91,292.5,39,1
2024-06-03 13:09:15,292.5,40,292.5,35,293.0,40,1
2024-06-03 13:09:15,293.0,2,292.5,35,293.0,38,1
2024-06-03 13:09:15,293.0,2,292.5,36,293.0,35,1
2024-06-03 13:09:16,293.0,1,292.5,36,293.0,34,1
2024-06-03 13:09:16,292.5,3,292.5,34,293.0,34,2
2024-06-03 13:09:18,292.5,1,292.5,34,293.0,36,2
2024-06-03 13:09:21,292.5,1,292.5,38,293.0,36,2
2024-06-03 13:09:28,293.0,1,292.5,41,293.0,35,1
2024-06-03 13:09:29,293.0,1,292.5,41,293.0,34,1
2024-06-03 13:09:37,292.5,2,292.5,39,293.0,34,2
2024-06-03 13:09:38,292.5,1,292.5,38,293.0,34,2
2024-06-03 13:09:49,293.0,1,292.5,39,293.0,37,1
2024-06-03 13:09:49,292.5,1,292.5,38,293.0,36,2
2024-06-03 13:10:04,292.5,1,292.5,45,293.0,37,2
2024-06-03 13:10:12,293.0,1,292.5,66,293.0,36,1
2024-06-03 13:10:13,293.0,1,292.5,66,293.0,35,1
2024-06-03 13:10:16,293.0,1,292.5,66,293.0,34,1
2024-06-03 13:10:19,293.0,1,292.5,67,293.0,33,1
2024-06-03 13:10:25,293.0,1,292.5,65,293.0,32,1
2024-06-03 13:10:26,293.0,5,292.5,65,293.0,27,1
2024-06-03 13:10:28,293.0,1,292.5,66,293.0,25,1
2024-06-03 13:10:30,293.0,1,292.5,66,293.0,24,1
2024-06-03 13:10:30,293.0,24,292.5,66,293.5,45,1
2024-06-03 13:10:34,293.0,2,293.0,13,293.5,48,2
2024-06-03 13:10:37,293.0,1,293.0,13,293.5,47,2
2024-06-03 13:10:38,293.0,1,293.0,12,293.5,47,2
2024-06-03 13:10:41,293.0,1,293.0,12,293.5,47,2
2024-06-03 13:10:54,293.5,3,293.0,32,293.5,44,1
2024-06-03 13:10:54,293.0,1,293.0,33,293.5,44,2
2024-06-03 13:11:07,293.0,1,293.0,11,293.5,45,2
2024-06-03 13:11:07,293.0,1,293.0,10,293.5,45,2
2024-06-03 13:11:12,293.5,5,293.0,10,293.5,40,1
2024-06-03 13:11:15,293.5,2,293.0,10,293.5,38,1
2024-06-03 13:11:15,293.0,1,293.0,9,293.5,38,2
2024-06-03 13:11:19,293.0,4,293.0,5,293.5,39,2
2024-06-03 13:11:21,293.0,1,293.0,4,293.5,39,2
2024-06-03 13:11:22,293.0,1,293.0,8,293.5,39,2
2024-06-03 13:11:27,293.0,1,293.0,7,293.5,39,2
2024-06-03 13:11:34,293.0,1,293.0,8,293.5,39,2
2024-06-03 13:11:40,293.0,1,293.0,7,293.5,39,2
2024-06-03 13:11:41,293.0,1,293.0,6,293.5,39,2
2024-06-03 13:11:50,293.0,1,293.0,7,293.5,39,2
2024-06-03 13:11:52,293.0,1,293.0,6,293.5,39,2
2024-06-03 13:11:58,293.0,2,293.0,4,293.5,40,2
2024-06-03 13:12:03,293.0,1,293.0,3,293.5,40,2
2024-06-03 13:12:10,293.0,2,293.0,3,293.5,40,2
2024-06-03 13:12:12,293.0,1,293.0,4,293.5,40,2
2024-06-03 13:12:20,293.0,1,293.0,3,293.5,40,2
2024-06-03 13:12:30,293.0,1,293.0,3,293.5,40,2
2024-06-03 13:12:33,293.0,2,293.0,1,293.5,40,2
2024-06-03 13:12:36,293.0,1,293.0,2,293.5,40,2
2024-06-03 13:12:44,293.0,3,292.5,86,293.0,7,2
2024-06-03 13:12:44,293.0,2,292.5,86,293.0,7,1
2024-06-03 13:12:44,293.0,2,292.5,86,293.0,7,1
2024-06-03 13:12:44,293.0,3,292.5,86,293.0,7,1
2024-06-03 13:12:46,293.0,2,293.0,2,293.5,40,2
2024-06-03 13:13:07,293.5,10,293.0,2,293.5,30,1
2024-06-03 13:13:17,293.5,30,293.0,11,293.5,30,1
2024-06-03 13:13:18,294.0,1,293.5,4,294.0,51,1
2024-06-03 13:13:18,294.0,35,293.5,4,294.0,16,1
2024-06-03 13:13:18,294.0,16,293.5,5,294.5,61,1
2024-06-03 13:13:19,294.5,1,294.0,2,294.5,60,1
2024-06-03 13:13:19,294.0,2,293.5,4,294.5,60,2
2024-06-03 13:13:24,294.5,2,293.5,3,294.5,58,1
2024-06-03 13:13:27,293.5,7,293.5,2,294.5,58,2
2024-06-03 13:13:34,294.0,2,294.0,3,294.5,58,1
2024-06-03 13:13:35,294.0,2,294.0,1,294.5,58,2
2024-06-03 13:13:37,294.0,1,293.5,8,294.5,59,2
2024-06-03 13:13:40,294.5,2,294.0,3,294.5,60,1
2024-06-03 13:13:40,294.0,1,294.0,3,294.5,59,2
2024-06-03 13:13:41,294.0,1,294.0,5,294.5,59,2
2024-06-03 13:13:41,294.0,2,294.0,3,294.5,60,2
2024-06-03 13:13:48,294.0,1,294.0,2,294.5,58,2
2024-06-03 13:13:51,294.0,1,294.0,1,294.5,62,2
2024-06-03 13:13:53,294.0,1,293.5,9,294.5,63,2
2024-06-03 13:14:03,294.0,1,293.5,12,294.5,62,1
2024-06-03 13:14:03,294.5,1,293.5,12,294.5,62,1
2024-06-03 13:14:08,294.5,2,293.5,13,294.5,60,1
2024-06-03 13:14:08,294.0,2,293.5,15,294.5,60,1
2024-06-03 13:14:09,294.0,1,294.0,2,294.5,60,2
2024-06-03 13:14:12,294.5,4,294.0,6,294.5,57,1
2024-06-03 13:14:13,294.0,1,294.0,5,294.5,57,2
2024-06-03 13:14:21,294.0,1,294.0,6,294.5,59,2
2024-06-03 13:14:23,294.0,1,294.0,5,294.5,59,2
2024-06-03 13:14:24,294.0,1,294.0,4,294.5,59,2
2024-06-03 13:14:24,294.0,1,294.0,3,294.5,59,2
2024-06-03 13:14:25,294.0,1,294.0,2,294.5,59,2
2024-06-03 13:14:25,294.0,1,294.0,1,294.5,59,2
2024-06-03 13:14:31,294.0,1,294.0,6,294.5,59,2
2024-06-03 13:14:34,294.0,1,294.0,11,294.5,59,2
2024-06-03 13:14:38,294.0,1,294.0,4,294.5,61,2
2024-06-03 13:14:44,294.5,1,294.0,4,294.5,60,1
2024-06-03 13:14:45,294.0,1,294.0,3,294.5,60,2
2024-06-03 13:14:46,294.0,1,294.0,2,294.5,60,2
2024-06-03 13:14:51,294.5,1,294.0,2,294.5,59,1
2024-06-03 13:14:55,294.0,1,294.0,2,294.5,59,2
2024-06-03 13:14:58,294.0,1,294.0,1,294.5,58,2
2024-06-03 13:14:59,294.0,1,293.5,19,294.5,58,2
2024-06-03 13:15:06,294.0,1,293.5,17,294.5,58,1
2024-06-03 13:15:06,294.0,1,293.5,17,294.5,58,1
2024-06-03 13:15:07,294.5,1,293.5,17,294.5,57,1
2024-06-03 13:15:17,294.5,1,294.0,2,294.5,56,1
2024-06-03 13:15:17,294.0,1,294.0,4,294.5,56,2
2024-06-03 13:15:21,294.0,1,294.0,3,294.5,56,2
2024-06-03 13:15:30,294.0,1,294.0,3,294.5,58,2
2024-06-03 13:15:35,294.0,1,294.0,2,294.5,58,2
2024-06-03 13:15:43,294.0,1,294.0,1,294.5,59,2
2024-06-03 13:15:45,294.0,1,293.5,23,294.5,59,2
2024-06-03 13:15:47,294.0,1,294.0,2,294.5,61,1
2024-06-03 13:15:48,294.5,1,294.0,2,294.5,60,1
2024-06-03 13:15:49,294.5,1,294.0,2,294.5,59,1
2024-06-03 13:15:50,294.5,1,294.0,8,294.5,58,1
2024-06-03 13:15:51,294.5,1,294.0,8,294.5,57,1
2024-06-03 13:15:55,294.0,1,294.0,2,294.5,57,2
2024-06-03 13:16:27,294.0,2,294.0,3,294.5,57,2
2024-06-03 13:16:31,294.0,1,294.0,3,294.5,57,2
2024-06-03 13:16:42,294.5,1,294.0,5,294.5,56,1
2024-06-03 13:16:44,294.0,1,294.0,4,294.5,56,2
2024-06-03 13:16:49,294.0,1,294.0,3,294.5,56,2
2024-06-03 13:17:26,294.5,10,294.0,26,294.5,58,1
2024-06-03 13:17:26,294.5,11,294.0,26,294.5,58,1
2024-06-03 13:17:26,294.5,24,294.0,26,294.5,58,1
2024-06-03 13:17:26,294.5,1,294.0,26,294.5,58,1
2024-06-03 13:17:26,294.5,12,294.0,26,294.5,58,1
2024-06-03 13:17:26,295.0,2,294.5,4,295.0,52,1
2024-06-03 13:17:26,295.0,4,294.5,4,295.0,52,1
2024-06-03 13:17:26,295.0,1,294.5,4,295.0,52,1
2024-06-03 13:17:26,295.0,14,294.5,4,295.0,52,1
2024-06-03 13:17:28,294.5,1,294.5,3,295.0,51,2
2024-06-03 13:17:32,294.5,1,294.5,20,295.0,51,2
2024-06-03 13:17:33,295.0,1,294.5,18,295.0,50,1
2024-06-03 13:17:36,294.5,1,294.5,18,295.0,34,2
2024-06-03 13:17:37,294.5,4,294.5,17,295.0,34,2
2024-06-03 13:17:40,294.5,1,294.5,1,295.0,36,2
2024-06-03 13:17:41,294.5,1,294.0,33,295.0,36,2
2024-06-03 13:17:44,294.5,1,294.5,1,295.0,47,2
2024-06-03 13:17:44,294.5,1,294.0,12,295.0,47,2
2024-06-03 13:17:49,294.0,1,294.0,8,295.0,60,2
2024-06-03 13:18:12,294.5,5,294.0,14,294.5,7,1
2024-06-03 13:18:21,294.5,1,294.0,14,294.5,8,1
2024-06-03 13:18:32,294.0,3,294.0,12,294.5,11,2
2024-06-03 13:18:39,294.5,18,294.5,57,295.0,60,1
2024-06-03 13:18:42,294.5,2,294.5,58,295.0,59,2
2024-06-03 13:19:01,294.5,2,294.5,18,295.0,63,2
2024-06-03 13:19:10,294.5,1,294.5,14,295.0,63,2
2024-06-03 13:19:14,294.5,1,294.5,13,295.0,64,2
2024-06-03 13:19:22,294.5,1,294.5,12,295.0,64,2
2024-06-03 13:19:28,294.5,2,294.5,10,295.0,63,2
2024-06-03 13:19:30,294.5,10,294.0,15,295.0,63,2
2024-06-03 13:20:49,294.5,1,294.0,14,294.5,16,1
2024-06-03 13:21:02,294.0,1,294.0,23,294.5,17,2
2024-06-03 13:21:11,294.5,1,294.0,25,294.5,16,1
2024-06-03 13:21:14,294.5,2,294.0,25,294.5,14,1
2024-06-03 13:21:32,294.5,15,294.0,27,295.0,63,1
2024-06-03 13:21:36,294.5,1,294.5,9,295.0,63,2
2024-06-03 13:21:37,294.5,3,294.5,6,295.0,63,2
2024-06-03 13:21:42,294.5,1,294.5,2,295.0,66,2
2024-06-03 13:21:42,294.5,2,294.0,20,294.5,4,2
2024-06-03 13:21:45,294.5,1,294.0,16,294.5,9,1
2024-06-03 13:21:49,294.5,5,294.0,16,294.5,4,1
2024-06-03 13:21:52,294.5,2,294.0,17,294.5,2,1
2024-06-03 13:21:52,294.5,2,294.0,18,295.0,64,1
2024-06-03 13:21:54,294.5,1,294.5,5,295.0,61,1
2024-06-03 13:21:54,294.5,3,294.5,2,295.0,60,2
2024-06-03 13:22:16,294.5,1,294.5,12,295.0,61,2
2024-06-03 13:22:17,294.5,1,294.5,11,295.0,61,2
2024-06-03 13:22:18,294.5,5,294.5,4,295.0,61,2
2024-06-03 13:22:19,294.5,1,294.5,3,295.0,61,2
2024-06-03 13:22:21,295.0,1,294.5,3,295.0,62,1
2024-06-03 13:22:24,295.0,1,294.5,23,295.0,59,1
2024-06-03 13:22:25,295.0,2,294.5,24,295.0,57,1
2024-06-03 13:22:26,295.0,1,294.5,29,295.0,56,1
2024-06-03 13:22:40,295.0,1,294.5,41,295.0,58,1
2024-06-03 13:22:43,294.5,1,294.5,40,295.0,58,2
2024-06-03 13:22:44,295.0,1,294.5,40,295.0,57,1
2024-06-03 13:22:46,295.0,1,294.5,42,295.0,56,1
2024-06-03 13:22:57,295.0,1,294.5,44,295.0,55,1
2024-06-03 13:23:04,295.0,1,294.5,46,295.0,56,1
2024-06-03 13:23:05,295.0,1,294.5,46,295.0,55,1
2024-06-03 13:23:14,295.0,1,294.5,46,295.0,54,1
2024-06-03 13:23:21,294.5,1,294.5,51,295.0,55,2
2024-06-03 13:23:22,295.0,5,294.5,51,295.0,50,1
2024-06-03 13:23:26,295.0,1,294.5,51,295.0,46,1
2024-06-03 13:23:34,295.0,1,294.5,21,295.0,47,1
2024-06-03 13:23:37,295.0,1,294.5,21,295.0,46,1
2024-06-03 13:23:42,295.0,46,295.0,54,295.5,89,1
2024-06-03 13:23:43,295.5,1,295.0,75,295.5,88,1
2024-06-03 13:23:44,295.5,1,295.0,75,295.5,87,1
2024-06-03 13:23:44,295.5,2,295.0,75,295.5,85,1
2024-06-03 13:23:45,295.5,2,295.0,75,295.5,83,1
2024-06-03 13:23:45,295.5,2,295.0,95,295.5,81,1
2024-06-03 13:23:45,295.5,10,295.0,85,295.5,71,1
2024-06-03 13:23:45,295.5,2,295.0,83,295.5,69,1
2024-06-03 13:23:45,295.5,2,295.0,81,295.5,67,1
2024-06-03 13:23:45,295.5,4,295.0,77,295.5,63,1
2024-06-03 13:23:47,295.5,2,295.0,57,295.5,63,1
2024-06-03 13:23:47,295.5,8,295.0,55,295.5,53,1
2024-06-03 13:23:47,295.5,4,295.0,55,295.5,53,1
2024-06-03 13:23:50,295.5,1,295.0,57,295.5,48,1
2024-06-03 13:23:56,295.5,1,295.0,56,295.5,49,1
2024-06-03 13:23:56,295.5,10,295.0,56,295.5,23,1
2024-06-03 13:23:57,295.0,1,295.0,55,295.5,23,2
2024-06-03 13:24:02,295.5,8,295.0,55,295.5,15,1
2024-06-03 13:24:02,295.5,12,295.0,55,295.5,3,1
2024-06-03 13:24:04,295.5,1,295.0,56,295.5,12,1
2024-06-03 13:24:06,295.5,1,295.0,56,295.5,11,1
2024-06-03 13:24:07,295.5,1,295.0,57,295.5,10,1
2024-06-03 13:24:08,295.5,2,295.0,57,295.5,38,1
2024-06-03 13:24:14,295.0,1,295.0,56,295.5,42,2
2024-06-03 13:24:17,295.0,1,295.0,56,295.5,42,2
2024-06-03 13:24:17,295.5,7,295.0,57,295.5,35,1
2024-06-03 13:24:19,295.5,1,295.0,58,295.5,34,1
2024-06-03 13:24:20,295.5,1,295.0,58,295.5,33,1
2024-06-03 13:24:22,295.5,3,295.0,58,295.5,30,1
2024-06-03 13:24:33,295.0,1,295.0,62,295.5,34,2
2024-06-03 13:24:37,295.5,1,295.0,65,295.5,33,1
2024-06-03 13:24:39,295.0,50,295.0,16,295.5,43,2
2024-06-03 13:24:39,295.0,16,295.0,16,295.5,43,2
2024-06-03 13:24:40,295.5,1,294.5,34,295.5,43,1
2024-06-03 13:24:46,295.5,1,294.5,14,295.5,44,1
2024-06-03 13:24:51,295.0,2,294.5,34,295.0,1,1
2024-06-03 13:24:57,295.0,1,295.0,1,295.5,44,1
2024-06-03 13:30:00,293.5,430,293.5,1,294.0,30,2
